Build tool,Group id,Artifact id,Version,Dependency group id,Dependency artifact id,Dependency version,Direct Dependency,Resolution failure
Gradle,finos.traderx.account-service,account-service,0.0.1-SNAPSHOT,org.apache.commons,commons-lang3,3.18.0,true,
Gradle,finos.traderx.account-service,account-service,0.0.1-SNAPSHOT,org.springdoc,springdoc-openapi-starter-webmvc-ui,2.8.14,true,
Gradle,finos.traderx.account-service,account-service,0.0.1-SNAPSHOT,org.springdoc,springdoc-openapi-starter-webmvc-api,2.8.14,false,
Gradle,finos.traderx.account-service,account-service,0.0.1-SNAPSHOT,org.springdoc,springdoc-openapi-starter-common,2.8.14,false,
Gradle,finos.traderx.account-service,account-service,0.0.1-SNAPSHOT,org.springframework.boot,spring-boot-starter-validation,3.5.7,false,
Gradle,finos.traderx.account-service,account-service,0.0.1-SNAPSHOT,org.springframework.boot,spring-boot-starter,3.5.7,false,
Gradle,finos.traderx.account-service,account-service,0.0.1-SNAPSHOT,org.springframework.boot,spring-boot-starter-logging,3.5.7,false,
Gradle,finos.traderx.account-service,account-service,0.0.1-SNAPSHOT,ch.qos.logback,logback-classic,1.5.21,false,
Gradle,finos.traderx.account-service,account-service,0.0.1-SNAPSHOT,ch.qos.logback,logback-core,1.5.21,false,
Gradle,finos.traderx.account-service,account-service,0.0.1-SNAPSHOT,org.slf4j,slf4j-api,2.0.17,false,
Gradle,finos.traderx.account-service,account-service,0.0.1-SNAPSHOT,org.apache.logging.log4j,log4j-to-slf4j,2.24.3,false,
Gradle,finos.traderx.account-service,account-service,0.0.1-SNAPSHOT,org.apache.logging.log4j,log4j-api,2.24.3,false,
Gradle,finos.traderx.account-service,account-service,0.0.1-SNAPSHOT,org.slf4j,jul-to-slf4j,2.0.17,false,
Gradle,finos.traderx.account-service,account-service,0.0.1-SNAPSHOT,org.springframework.boot,spring-boot-autoconfigure,3.5.7,false,
Gradle,finos.traderx.account-service,account-service,0.0.1-SNAPSHOT,org.springframework.boot,spring-boot,3.5.7,false,
Gradle,finos.traderx.account-service,account-service,0.0.1-SNAPSHOT,org.springframework,spring-context,6.2.12,false,
Gradle,finos.traderx.account-service,account-service,0.0.1-SNAPSHOT,org.springframework,spring-aop,6.2.12,false,
Gradle,finos.traderx.account-service,account-service,0.0.1-SNAPSHOT,org.springframework,spring-beans,6.2.12,false,
Gradle,finos.traderx.account-service,account-service,0.0.1-SNAPSHOT,org.springframework,spring-core,6.2.12,false,
Gradle,finos.traderx.account-service,account-service,0.0.1-SNAPSHOT,org.springframework,spring-jcl,6.2.12,false,
Gradle,finos.traderx.account-service,account-service,0.0.1-SNAPSHOT,org.springframework,spring-expression,6.2.12,false,
Gradle,finos.traderx.account-service,account-service,0.0.1-SNAPSHOT,io.micrometer,micrometer-observation,1.15.5,false,
Gradle,finos.traderx.account-service,account-service,0.0.1-SNAPSHOT,io.micrometer,micrometer-commons,1.15.5,false,
Gradle,finos.traderx.account-service,account-service,0.0.1-SNAPSHOT,jakarta.annotation,jakarta.annotation-api,2.1.1,false,
Gradle,finos.traderx.account-service,account-service,0.0.1-SNAPSHOT,org.yaml,snakeyaml,2.4,false,
Gradle,finos.traderx.account-service,account-service,0.0.1-SNAPSHOT,org.hibernate.validator,hibernate-validator,8.0.3.Final,false,
Gradle,finos.traderx.account-service,account-service,0.0.1-SNAPSHOT,org.jboss.logging,jboss-logging,3.6.1.Final,false,
Gradle,finos.traderx.account-service,account-service,0.0.1-SNAPSHOT,com.fasterxml,classmate,1.7.1,false,
Gradle,finos.traderx.account-service,account-service,0.0.1-SNAPSHOT,jakarta.validation,jakarta.validation-api,3.0.2,false,
Gradle,finos.traderx.account-service,account-service,0.0.1-SNAPSHOT,org.apache.tomcat.embed,tomcat-embed-el,10.1.48,false,
Gradle,finos.traderx.account-service,account-service,0.0.1-SNAPSHOT,io.swagger.core.v3,swagger-core-jakarta,2.2.38,false,
Gradle,finos.traderx.account-service,account-service,0.0.1-SNAPSHOT,jakarta.xml.bind,jakarta.xml.bind-api,4.0.4,false,
Gradle,finos.traderx.account-service,account-service,0.0.1-SNAPSHOT,jakarta.activation,jakarta.activation-api,2.1.4,false,
Gradle,finos.traderx.account-service,account-service,0.0.1-SNAPSHOT,com.fasterxml.jackson.datatype,jackson-datatype-jsr310,2.19.2,false,
Gradle,finos.traderx.account-service,account-service,0.0.1-SNAPSHOT,com.fasterxml.jackson.core,jackson-databind,2.19.2,false,
Gradle,finos.traderx.account-service,account-service,0.0.1-SNAPSHOT,com.fasterxml.jackson.core,jackson-annotations,2.19.2,false,
Gradle,finos.traderx.account-service,account-service,0.0.1-SNAPSHOT,com.fasterxml.jackson,jackson-bom,2.19.2,false,
Gradle,finos.traderx.account-service,account-service,0.0.1-SNAPSHOT,com.fasterxml.jackson.core,jackson-core,2.19.2,false,
Gradle,finos.traderx.account-service,account-service,0.0.1-SNAPSHOT,io.swagger.core.v3,swagger-models-jakarta,2.2.38,false,
Gradle,finos.traderx.account-service,account-service,0.0.1-SNAPSHOT,com.fasterxml.jackson.dataformat,jackson-dataformat-yaml,2.19.2,false,
Gradle,finos.traderx.account-service,account-service,0.0.1-SNAPSHOT,io.swagger.core.v3,swagger-annotations-jakarta,2.2.38,false,
Gradle,finos.traderx.account-service,account-service,0.0.1-SNAPSHOT,org.springframework,spring-webmvc,6.2.12,false,
Gradle,finos.traderx.account-service,account-service,0.0.1-SNAPSHOT,org.springframework,spring-web,6.2.12,false,
Gradle,finos.traderx.account-service,account-service,0.0.1-SNAPSHOT,org.webjars,webjars-locator-lite,1.1.2,false,
Gradle,finos.traderx.account-service,account-service,0.0.1-SNAPSHOT,org.jspecify,jspecify,1.0.0,false,
Gradle,finos.traderx.account-service,account-service,0.0.1-SNAPSHOT,org.webjars,swagger-ui,5.30.2,true,
Gradle,finos.traderx.account-service,account-service,0.0.1-SNAPSHOT,org.springframework.boot,spring-boot-starter-test,3.5.7,true,
Gradle,finos.traderx.account-service,account-service,0.0.1-SNAPSHOT,com.jayway.jsonpath,json-path,2.9.0,false,
Gradle,finos.traderx.account-service,account-service,0.0.1-SNAPSHOT,net.minidev,json-smart,2.5.2,false,
Gradle,finos.traderx.account-service,account-service,0.0.1-SNAPSHOT,net.minidev,accessors-smart,2.5.2,false,
Gradle,finos.traderx.account-service,account-service,0.0.1-SNAPSHOT,org.ow2.asm,asm,9.7.1,false,
Gradle,finos.traderx.account-service,account-service,0.0.1-SNAPSHOT,org.springframework.boot,spring-boot-test-autoconfigure,3.5.7,false,
Gradle,finos.traderx.account-service,account-service,0.0.1-SNAPSHOT,org.springframework.boot,spring-boot-test,3.5.7,false,
Gradle,finos.traderx.account-service,account-service,0.0.1-SNAPSHOT,org.springframework,spring-test,6.2.12,false,
Gradle,finos.traderx.account-service,account-service,0.0.1-SNAPSHOT,org.assertj,assertj-core,3.27.6,false,
Gradle,finos.traderx.account-service,account-service,0.0.1-SNAPSHOT,net.bytebuddy,byte-buddy,1.17.8,false,
Gradle,finos.traderx.account-service,account-service,0.0.1-SNAPSHOT,org.awaitility,awaitility,4.2.2,false,
Gradle,finos.traderx.account-service,account-service,0.0.1-SNAPSHOT,org.hamcrest,hamcrest,3.0,false,
Gradle,finos.traderx.account-service,account-service,0.0.1-SNAPSHOT,org.junit.platform,junit-platform-launcher,1.12.2,false,
Gradle,finos.traderx.account-service,account-service,0.0.1-SNAPSHOT,org.junit.platform,junit-platform-engine,1.12.2,false,
Gradle,finos.traderx.account-service,account-service,0.0.1-SNAPSHOT,org.junit.platform,junit-platform-commons,1.12.2,false,
Gradle,finos.traderx.account-service,account-service,0.0.1-SNAPSHOT,org.junit,junit-bom,5.12.2,false,
Gradle,finos.traderx.account-service,account-service,0.0.1-SNAPSHOT,org.opentest4j,opentest4j,1.3.0,false,
Gradle,finos.traderx.account-service,account-service,0.0.1-SNAPSHOT,org.mockito,mockito-junit-jupiter,5.17.0,false,
Gradle,finos.traderx.account-service,account-service,0.0.1-SNAPSHOT,org.junit.jupiter,junit-jupiter-api,5.12.2,false,
Gradle,finos.traderx.account-service,account-service,0.0.1-SNAPSHOT,org.mockito,mockito-core,5.17.0,false,
Gradle,finos.traderx.account-service,account-service,0.0.1-SNAPSHOT,net.bytebuddy,byte-buddy-agent,1.17.8,false,
Gradle,finos.traderx.account-service,account-service,0.0.1-SNAPSHOT,org.objenesis,objenesis,3.3,false,
Gradle,finos.traderx.account-service,account-service,0.0.1-SNAPSHOT,org.junit.jupiter,junit-jupiter,5.12.2,false,
Gradle,finos.traderx.account-service,account-service,0.0.1-SNAPSHOT,org.junit.jupiter,junit-jupiter-params,5.12.2,false,
Gradle,finos.traderx.account-service,account-service,0.0.1-SNAPSHOT,org.junit.jupiter,junit-jupiter-engine,5.12.2,false,
Gradle,finos.traderx.account-service,account-service,0.0.1-SNAPSHOT,org.skyscreamer,jsonassert,1.5.3,false,
Gradle,finos.traderx.account-service,account-service,0.0.1-SNAPSHOT,com.vaadin.external.google,android-json,0.0.20131108.vaadin1,false,
Gradle,finos.traderx.account-service,account-service,0.0.1-SNAPSHOT,org.xmlunit,xmlunit-core,2.10.4,false,
Gradle,finos.traderx.account-service,account-service,0.0.1-SNAPSHOT,com.h2database,h2,2.4.240,true,
Gradle,finos.traderx.account-service,account-service,0.0.1-SNAPSHOT,org.springframework.boot,spring-boot-starter-web,3.5.7,true,
Gradle,finos.traderx.account-service,account-service,0.0.1-SNAPSHOT,org.springframework.boot,spring-boot-starter-json,3.5.7,false,
Gradle,finos.traderx.account-service,account-service,0.0.1-SNAPSHOT,com.fasterxml.jackson.datatype,jackson-datatype-jdk8,2.19.2,false,
Gradle,finos.traderx.account-service,account-service,0.0.1-SNAPSHOT,com.fasterxml.jackson.module,jackson-module-parameter-names,2.19.2,false,
Gradle,finos.traderx.account-service,account-service,0.0.1-SNAPSHOT,org.springframework.boot,spring-boot-starter-tomcat,3.5.7,false,
Gradle,finos.traderx.account-service,account-service,0.0.1-SNAPSHOT,org.apache.tomcat.embed,tomcat-embed-websocket,10.1.48,false,
Gradle,finos.traderx.account-service,account-service,0.0.1-SNAPSHOT,org.apache.tomcat.embed,tomcat-embed-core,10.1.48,false,
Gradle,finos.traderx.account-service,account-service,0.0.1-SNAPSHOT,org.springframework.boot,spring-boot-starter-data-jpa,3.5.7,true,
Gradle,finos.traderx.account-service,account-service,0.0.1-SNAPSHOT,org.springframework.boot,spring-boot-starter-jdbc,3.5.7,false,
Gradle,finos.traderx.account-service,account-service,0.0.1-SNAPSHOT,com.zaxxer,HikariCP,6.3.3,false,
Gradle,finos.traderx.account-service,account-service,0.0.1-SNAPSHOT,org.springframework,spring-jdbc,6.2.12,false,
Gradle,finos.traderx.account-service,account-service,0.0.1-SNAPSHOT,org.springframework,spring-tx,6.2.12,false,
Gradle,finos.traderx.account-service,account-service,0.0.1-SNAPSHOT,org.hibernate.orm,hibernate-core,6.6.33.Final,false,
Gradle,finos.traderx.account-service,account-service,0.0.1-SNAPSHOT,org.glassfish.jaxb,jaxb-runtime,4.0.6,false,
Gradle,finos.traderx.account-service,account-service,0.0.1-SNAPSHOT,org.glassfish.jaxb,jaxb-core,4.0.6,false,
Gradle,finos.traderx.account-service,account-service,0.0.1-SNAPSHOT,org.eclipse.angus,angus-activation,2.0.3,false,
Gradle,finos.traderx.account-service,account-service,0.0.1-SNAPSHOT,org.glassfish.jaxb,txw2,4.0.6,false,
Gradle,finos.traderx.account-service,account-service,0.0.1-SNAPSHOT,com.sun.istack,istack-commons-runtime,4.1.2,false,
Gradle,finos.traderx.account-service,account-service,0.0.1-SNAPSHOT,jakarta.persistence,jakarta.persistence-api,3.1.0,false,
Gradle,finos.traderx.account-service,account-service,0.0.1-SNAPSHOT,jakarta.transaction,jakarta.transaction-api,2.0.1,false,
Gradle,finos.traderx.account-service,account-service,0.0.1-SNAPSHOT,org.hibernate.common,hibernate-commons-annotations,7.0.3.Final,false,
Gradle,finos.traderx.account-service,account-service,0.0.1-SNAPSHOT,io.smallrye,jandex,3.2.0,false,
Gradle,finos.traderx.account-service,account-service,0.0.1-SNAPSHOT,jakarta.inject,jakarta.inject-api,2.0.1,false,
Gradle,finos.traderx.account-service,account-service,0.0.1-SNAPSHOT,org.antlr,antlr4-runtime,4.13.0,false,
Gradle,finos.traderx.account-service,account-service,0.0.1-SNAPSHOT,org.springframework.data,spring-data-jpa,3.5.5,false,
Gradle,finos.traderx.account-service,account-service,0.0.1-SNAPSHOT,org.springframework.data,spring-data-commons,3.5.5,false,
Gradle,finos.traderx.account-service,account-service,0.0.1-SNAPSHOT,org.springframework,spring-orm,6.2.12,false,
Gradle,finos.traderx.account-service,account-service,0.0.1-SNAPSHOT,org.springframework,spring-aspects,6.2.12,false,
Gradle,finos.traderx.account-service,account-service,0.0.1-SNAPSHOT,org.aspectj,aspectjweaver,1.9.24,false,
Gradle,traderX,database,unspecified,com.h2database,h2,2.4.240,true,
Gradle,finos.traderx.position-service,position-service,0.0.1-SNAPSHOT,org.apache.commons,commons-lang3,3.18.0,true,
Gradle,finos.traderx.position-service,position-service,0.0.1-SNAPSHOT,org.springdoc,springdoc-openapi-starter-webmvc-ui,2.8.14,true,
Gradle,finos.traderx.position-service,position-service,0.0.1-SNAPSHOT,org.springdoc,springdoc-openapi-starter-webmvc-api,2.8.14,false,
Gradle,finos.traderx.position-service,position-service,0.0.1-SNAPSHOT,org.springdoc,springdoc-openapi-starter-common,2.8.14,false,
Gradle,finos.traderx.position-service,position-service,0.0.1-SNAPSHOT,org.springframework.boot,spring-boot-starter-validation,3.5.7,false,
Gradle,finos.traderx.position-service,position-service,0.0.1-SNAPSHOT,org.springframework.boot,spring-boot-starter,3.5.7,false,
Gradle,finos.traderx.position-service,position-service,0.0.1-SNAPSHOT,org.springframework.boot,spring-boot-starter-logging,3.5.7,false,
Gradle,finos.traderx.position-service,position-service,0.0.1-SNAPSHOT,ch.qos.logback,logback-classic,1.5.21,false,
Gradle,finos.traderx.position-service,position-service,0.0.1-SNAPSHOT,ch.qos.logback,logback-core,1.5.21,false,
Gradle,finos.traderx.position-service,position-service,0.0.1-SNAPSHOT,org.slf4j,slf4j-api,2.0.17,false,
Gradle,finos.traderx.position-service,position-service,0.0.1-SNAPSHOT,org.apache.logging.log4j,log4j-to-slf4j,2.24.3,false,
Gradle,finos.traderx.position-service,position-service,0.0.1-SNAPSHOT,org.apache.logging.log4j,log4j-api,2.24.3,false,
Gradle,finos.traderx.position-service,position-service,0.0.1-SNAPSHOT,org.slf4j,jul-to-slf4j,2.0.17,false,
Gradle,finos.traderx.position-service,position-service,0.0.1-SNAPSHOT,org.springframework.boot,spring-boot-autoconfigure,3.5.7,false,
Gradle,finos.traderx.position-service,position-service,0.0.1-SNAPSHOT,org.springframework.boot,spring-boot,3.5.7,false,
Gradle,finos.traderx.position-service,position-service,0.0.1-SNAPSHOT,org.springframework,spring-context,6.2.12,false,
Gradle,finos.traderx.position-service,position-service,0.0.1-SNAPSHOT,org.springframework,spring-aop,6.2.12,false,
Gradle,finos.traderx.position-service,position-service,0.0.1-SNAPSHOT,org.springframework,spring-beans,6.2.12,false,
Gradle,finos.traderx.position-service,position-service,0.0.1-SNAPSHOT,org.springframework,spring-core,6.2.12,false,
Gradle,finos.traderx.position-service,position-service,0.0.1-SNAPSHOT,org.springframework,spring-jcl,6.2.12,false,
Gradle,finos.traderx.position-service,position-service,0.0.1-SNAPSHOT,org.springframework,spring-expression,6.2.12,false,
Gradle,finos.traderx.position-service,position-service,0.0.1-SNAPSHOT,io.micrometer,micrometer-observation,1.15.5,false,
Gradle,finos.traderx.position-service,position-service,0.0.1-SNAPSHOT,io.micrometer,micrometer-commons,1.15.5,false,
Gradle,finos.traderx.position-service,position-service,0.0.1-SNAPSHOT,jakarta.annotation,jakarta.annotation-api,2.1.1,false,
Gradle,finos.traderx.position-service,position-service,0.0.1-SNAPSHOT,org.yaml,snakeyaml,2.4,false,
Gradle,finos.traderx.position-service,position-service,0.0.1-SNAPSHOT,org.hibernate.validator,hibernate-validator,8.0.3.Final,false,
Gradle,finos.traderx.position-service,position-service,0.0.1-SNAPSHOT,org.jboss.logging,jboss-logging,3.6.1.Final,false,
Gradle,finos.traderx.position-service,position-service,0.0.1-SNAPSHOT,com.fasterxml,classmate,1.7.1,false,
Gradle,finos.traderx.position-service,position-service,0.0.1-SNAPSHOT,jakarta.validation,jakarta.validation-api,3.0.2,false,
Gradle,finos.traderx.position-service,position-service,0.0.1-SNAPSHOT,org.apache.tomcat.embed,tomcat-embed-el,10.1.48,false,
Gradle,finos.traderx.position-service,position-service,0.0.1-SNAPSHOT,io.swagger.core.v3,swagger-core-jakarta,2.2.38,false,
Gradle,finos.traderx.position-service,position-service,0.0.1-SNAPSHOT,jakarta.xml.bind,jakarta.xml.bind-api,4.0.4,false,
Gradle,finos.traderx.position-service,position-service,0.0.1-SNAPSHOT,jakarta.activation,jakarta.activation-api,2.1.4,false,
Gradle,finos.traderx.position-service,position-service,0.0.1-SNAPSHOT,com.fasterxml.jackson.datatype,jackson-datatype-jsr310,2.19.2,false,
Gradle,finos.traderx.position-service,position-service,0.0.1-SNAPSHOT,com.fasterxml.jackson.core,jackson-databind,2.19.2,false,
Gradle,finos.traderx.position-service,position-service,0.0.1-SNAPSHOT,com.fasterxml.jackson.core,jackson-annotations,2.19.2,false,
Gradle,finos.traderx.position-service,position-service,0.0.1-SNAPSHOT,com.fasterxml.jackson,jackson-bom,2.19.2,false,
Gradle,finos.traderx.position-service,position-service,0.0.1-SNAPSHOT,com.fasterxml.jackson.core,jackson-core,2.19.2,false,
Gradle,finos.traderx.position-service,position-service,0.0.1-SNAPSHOT,io.swagger.core.v3,swagger-models-jakarta,2.2.38,false,
Gradle,finos.traderx.position-service,position-service,0.0.1-SNAPSHOT,com.fasterxml.jackson.dataformat,jackson-dataformat-yaml,2.19.2,false,
Gradle,finos.traderx.position-service,position-service,0.0.1-SNAPSHOT,io.swagger.core.v3,swagger-annotations-jakarta,2.2.38,false,
Gradle,finos.traderx.position-service,position-service,0.0.1-SNAPSHOT,org.springframework,spring-webmvc,6.2.12,false,
Gradle,finos.traderx.position-service,position-service,0.0.1-SNAPSHOT,org.springframework,spring-web,6.2.12,false,
Gradle,finos.traderx.position-service,position-service,0.0.1-SNAPSHOT,org.webjars,webjars-locator-lite,1.1.2,false,
Gradle,finos.traderx.position-service,position-service,0.0.1-SNAPSHOT,org.jspecify,jspecify,1.0.0,false,
Gradle,finos.traderx.position-service,position-service,0.0.1-SNAPSHOT,org.webjars,swagger-ui,5.30.2,true,
Gradle,finos.traderx.position-service,position-service,0.0.1-SNAPSHOT,org.springframework.boot,spring-boot-starter-test,3.5.7,true,
Gradle,finos.traderx.position-service,position-service,0.0.1-SNAPSHOT,com.jayway.jsonpath,json-path,2.9.0,false,
Gradle,finos.traderx.position-service,position-service,0.0.1-SNAPSHOT,net.minidev,json-smart,2.5.2,false,
Gradle,finos.traderx.position-service,position-service,0.0.1-SNAPSHOT,net.minidev,accessors-smart,2.5.2,false,
Gradle,finos.traderx.position-service,position-service,0.0.1-SNAPSHOT,org.ow2.asm,asm,9.7.1,false,
Gradle,finos.traderx.position-service,position-service,0.0.1-SNAPSHOT,org.springframework.boot,spring-boot-test-autoconfigure,3.5.7,false,
Gradle,finos.traderx.position-service,position-service,0.0.1-SNAPSHOT,org.springframework.boot,spring-boot-test,3.5.7,false,
Gradle,finos.traderx.position-service,position-service,0.0.1-SNAPSHOT,org.springframework,spring-test,6.2.12,false,
Gradle,finos.traderx.position-service,position-service,0.0.1-SNAPSHOT,org.assertj,assertj-core,3.27.6,false,
Gradle,finos.traderx.position-service,position-service,0.0.1-SNAPSHOT,net.bytebuddy,byte-buddy,1.17.8,false,
Gradle,finos.traderx.position-service,position-service,0.0.1-SNAPSHOT,org.awaitility,awaitility,4.2.2,false,
Gradle,finos.traderx.position-service,position-service,0.0.1-SNAPSHOT,org.hamcrest,hamcrest,3.0,false,
Gradle,finos.traderx.position-service,position-service,0.0.1-SNAPSHOT,org.junit.platform,junit-platform-launcher,1.12.2,false,
Gradle,finos.traderx.position-service,position-service,0.0.1-SNAPSHOT,org.junit.platform,junit-platform-engine,1.12.2,false,
Gradle,finos.traderx.position-service,position-service,0.0.1-SNAPSHOT,org.junit.platform,junit-platform-commons,1.12.2,false,
Gradle,finos.traderx.position-service,position-service,0.0.1-SNAPSHOT,org.junit,junit-bom,5.12.2,false,
Gradle,finos.traderx.position-service,position-service,0.0.1-SNAPSHOT,org.opentest4j,opentest4j,1.3.0,false,
Gradle,finos.traderx.position-service,position-service,0.0.1-SNAPSHOT,org.mockito,mockito-junit-jupiter,5.17.0,false,
Gradle,finos.traderx.position-service,position-service,0.0.1-SNAPSHOT,org.junit.jupiter,junit-jupiter-api,5.12.2,false,
Gradle,finos.traderx.position-service,position-service,0.0.1-SNAPSHOT,org.mockito,mockito-core,5.17.0,false,
Gradle,finos.traderx.position-service,position-service,0.0.1-SNAPSHOT,net.bytebuddy,byte-buddy-agent,1.17.8,false,
Gradle,finos.traderx.position-service,position-service,0.0.1-SNAPSHOT,org.objenesis,objenesis,3.3,false,
Gradle,finos.traderx.position-service,position-service,0.0.1-SNAPSHOT,org.junit.jupiter,junit-jupiter,5.12.2,false,
Gradle,finos.traderx.position-service,position-service,0.0.1-SNAPSHOT,org.junit.jupiter,junit-jupiter-params,5.12.2,false,
Gradle,finos.traderx.position-service,position-service,0.0.1-SNAPSHOT,org.junit.jupiter,junit-jupiter-engine,5.12.2,false,
Gradle,finos.traderx.position-service,position-service,0.0.1-SNAPSHOT,org.skyscreamer,jsonassert,1.5.3,false,
Gradle,finos.traderx.position-service,position-service,0.0.1-SNAPSHOT,com.vaadin.external.google,android-json,0.0.20131108.vaadin1,false,
Gradle,finos.traderx.position-service,position-service,0.0.1-SNAPSHOT,org.xmlunit,xmlunit-core,2.10.4,false,
Gradle,finos.traderx.position-service,position-service,0.0.1-SNAPSHOT,com.h2database,h2,2.4.240,true,
Gradle,finos.traderx.position-service,position-service,0.0.1-SNAPSHOT,org.springframework.boot,spring-boot-starter-web,3.5.7,true,
Gradle,finos.traderx.position-service,position-service,0.0.1-SNAPSHOT,org.springframework.boot,spring-boot-starter-json,3.5.7,false,
Gradle,finos.traderx.position-service,position-service,0.0.1-SNAPSHOT,com.fasterxml.jackson.datatype,jackson-datatype-jdk8,2.19.2,false,
Gradle,finos.traderx.position-service,position-service,0.0.1-SNAPSHOT,com.fasterxml.jackson.module,jackson-module-parameter-names,2.19.2,false,
Gradle,finos.traderx.position-service,position-service,0.0.1-SNAPSHOT,org.springframework.boot,spring-boot-starter-tomcat,3.5.7,false,
Gradle,finos.traderx.position-service,position-service,0.0.1-SNAPSHOT,org.apache.tomcat.embed,tomcat-embed-websocket,10.1.48,false,
Gradle,finos.traderx.position-service,position-service,0.0.1-SNAPSHOT,org.apache.tomcat.embed,tomcat-embed-core,10.1.48,false,
Gradle,finos.traderx.position-service,position-service,0.0.1-SNAPSHOT,org.springframework.boot,spring-boot-starter-data-jpa,3.5.7,true,
Gradle,finos.traderx.position-service,position-service,0.0.1-SNAPSHOT,org.springframework.boot,spring-boot-starter-jdbc,3.5.7,false,
Gradle,finos.traderx.position-service,position-service,0.0.1-SNAPSHOT,com.zaxxer,HikariCP,6.3.3,false,
Gradle,finos.traderx.position-service,position-service,0.0.1-SNAPSHOT,org.springframework,spring-jdbc,6.2.12,false,
Gradle,finos.traderx.position-service,position-service,0.0.1-SNAPSHOT,org.springframework,spring-tx,6.2.12,false,
Gradle,finos.traderx.position-service,position-service,0.0.1-SNAPSHOT,org.hibernate.orm,hibernate-core,6.6.33.Final,false,
Gradle,finos.traderx.position-service,position-service,0.0.1-SNAPSHOT,org.glassfish.jaxb,jaxb-runtime,4.0.6,false,
Gradle,finos.traderx.position-service,position-service,0.0.1-SNAPSHOT,org.glassfish.jaxb,jaxb-core,4.0.6,false,
Gradle,finos.traderx.position-service,position-service,0.0.1-SNAPSHOT,org.eclipse.angus,angus-activation,2.0.3,false,
Gradle,finos.traderx.position-service,position-service,0.0.1-SNAPSHOT,org.glassfish.jaxb,txw2,4.0.6,false,
Gradle,finos.traderx.position-service,position-service,0.0.1-SNAPSHOT,com.sun.istack,istack-commons-runtime,4.1.2,false,
Gradle,finos.traderx.position-service,position-service,0.0.1-SNAPSHOT,jakarta.persistence,jakarta.persistence-api,3.1.0,false,
Gradle,finos.traderx.position-service,position-service,0.0.1-SNAPSHOT,jakarta.transaction,jakarta.transaction-api,2.0.1,false,
Gradle,finos.traderx.position-service,position-service,0.0.1-SNAPSHOT,org.hibernate.common,hibernate-commons-annotations,7.0.3.Final,false,
Gradle,finos.traderx.position-service,position-service,0.0.1-SNAPSHOT,io.smallrye,jandex,3.2.0,false,
Gradle,finos.traderx.position-service,position-service,0.0.1-SNAPSHOT,jakarta.inject,jakarta.inject-api,2.0.1,false,
Gradle,finos.traderx.position-service,position-service,0.0.1-SNAPSHOT,org.antlr,antlr4-runtime,4.13.0,false,
Gradle,finos.traderx.position-service,position-service,0.0.1-SNAPSHOT,org.springframework.data,spring-data-jpa,3.5.5,false,
Gradle,finos.traderx.position-service,position-service,0.0.1-SNAPSHOT,org.springframework.data,spring-data-commons,3.5.5,false,
Gradle,finos.traderx.position-service,position-service,0.0.1-SNAPSHOT,org.springframework,spring-orm,6.2.12,false,
Gradle,finos.traderx.position-service,position-service,0.0.1-SNAPSHOT,org.springframework,spring-aspects,6.2.12,false,
Gradle,finos.traderx.position-service,position-service,0.0.1-SNAPSHOT,org.aspectj,aspectjweaver,1.9.24,false,
Gradle,finos.traderx.trade-processor,trade-processor,0.0.1-SNAPSHOT,org.apache.commons,commons-lang3,3.18.0,true,
Gradle,finos.traderx.trade-processor,trade-processor,0.0.1-SNAPSHOT,org.springdoc,springdoc-openapi-starter-webmvc-ui,2.8.14,true,
Gradle,finos.traderx.trade-processor,trade-processor,0.0.1-SNAPSHOT,org.springdoc,springdoc-openapi-starter-webmvc-api,2.8.14,false,
Gradle,finos.traderx.trade-processor,trade-processor,0.0.1-SNAPSHOT,org.springdoc,springdoc-openapi-starter-common,2.8.14,false,
Gradle,finos.traderx.trade-processor,trade-processor,0.0.1-SNAPSHOT,org.springframework.boot,spring-boot-starter-validation,3.5.7,false,
Gradle,finos.traderx.trade-processor,trade-processor,0.0.1-SNAPSHOT,org.springframework.boot,spring-boot-starter,3.5.7,false,
Gradle,finos.traderx.trade-processor,trade-processor,0.0.1-SNAPSHOT,org.springframework.boot,spring-boot-starter-logging,3.5.7,false,
Gradle,finos.traderx.trade-processor,trade-processor,0.0.1-SNAPSHOT,ch.qos.logback,logback-classic,1.5.21,false,
Gradle,finos.traderx.trade-processor,trade-processor,0.0.1-SNAPSHOT,ch.qos.logback,logback-core,1.5.21,false,
Gradle,finos.traderx.trade-processor,trade-processor,0.0.1-SNAPSHOT,org.slf4j,slf4j-api,2.0.17,false,
Gradle,finos.traderx.trade-processor,trade-processor,0.0.1-SNAPSHOT,org.apache.logging.log4j,log4j-to-slf4j,2.24.3,false,
Gradle,finos.traderx.trade-processor,trade-processor,0.0.1-SNAPSHOT,org.apache.logging.log4j,log4j-api,2.24.3,false,
Gradle,finos.traderx.trade-processor,trade-processor,0.0.1-SNAPSHOT,org.slf4j,jul-to-slf4j,2.0.17,false,
Gradle,finos.traderx.trade-processor,trade-processor,0.0.1-SNAPSHOT,org.springframework.boot,spring-boot-autoconfigure,3.5.7,false,
Gradle,finos.traderx.trade-processor,trade-processor,0.0.1-SNAPSHOT,org.springframework.boot,spring-boot,3.5.7,false,
Gradle,finos.traderx.trade-processor,trade-processor,0.0.1-SNAPSHOT,org.springframework,spring-context,6.2.12,false,
Gradle,finos.traderx.trade-processor,trade-processor,0.0.1-SNAPSHOT,org.springframework,spring-aop,6.2.12,false,
Gradle,finos.traderx.trade-processor,trade-processor,0.0.1-SNAPSHOT,org.springframework,spring-beans,6.2.12,false,
Gradle,finos.traderx.trade-processor,trade-processor,0.0.1-SNAPSHOT,org.springframework,spring-core,6.2.12,false,
Gradle,finos.traderx.trade-processor,trade-processor,0.0.1-SNAPSHOT,org.springframework,spring-jcl,6.2.12,false,
Gradle,finos.traderx.trade-processor,trade-processor,0.0.1-SNAPSHOT,org.springframework,spring-expression,6.2.12,false,
Gradle,finos.traderx.trade-processor,trade-processor,0.0.1-SNAPSHOT,io.micrometer,micrometer-observation,1.15.5,false,
Gradle,finos.traderx.trade-processor,trade-processor,0.0.1-SNAPSHOT,io.micrometer,micrometer-commons,1.15.5,false,
Gradle,finos.traderx.trade-processor,trade-processor,0.0.1-SNAPSHOT,jakarta.annotation,jakarta.annotation-api,2.1.1,false,
Gradle,finos.traderx.trade-processor,trade-processor,0.0.1-SNAPSHOT,org.yaml,snakeyaml,2.4,false,
Gradle,finos.traderx.trade-processor,trade-processor,0.0.1-SNAPSHOT,org.hibernate.validator,hibernate-validator,8.0.3.Final,false,
Gradle,finos.traderx.trade-processor,trade-processor,0.0.1-SNAPSHOT,org.jboss.logging,jboss-logging,3.6.1.Final,false,
Gradle,finos.traderx.trade-processor,trade-processor,0.0.1-SNAPSHOT,com.fasterxml,classmate,1.7.1,false,
Gradle,finos.traderx.trade-processor,trade-processor,0.0.1-SNAPSHOT,jakarta.validation,jakarta.validation-api,3.0.2,false,
Gradle,finos.traderx.trade-processor,trade-processor,0.0.1-SNAPSHOT,org.apache.tomcat.embed,tomcat-embed-el,10.1.48,false,
Gradle,finos.traderx.trade-processor,trade-processor,0.0.1-SNAPSHOT,io.swagger.core.v3,swagger-core-jakarta,2.2.38,false,
Gradle,finos.traderx.trade-processor,trade-processor,0.0.1-SNAPSHOT,jakarta.xml.bind,jakarta.xml.bind-api,4.0.4,false,
Gradle,finos.traderx.trade-processor,trade-processor,0.0.1-SNAPSHOT,jakarta.activation,jakarta.activation-api,2.1.4,false,
Gradle,finos.traderx.trade-processor,trade-processor,0.0.1-SNAPSHOT,com.fasterxml.jackson.datatype,jackson-datatype-jsr310,2.19.2,false,
Gradle,finos.traderx.trade-processor,trade-processor,0.0.1-SNAPSHOT,com.fasterxml.jackson.core,jackson-databind,2.19.2,false,
Gradle,finos.traderx.trade-processor,trade-processor,0.0.1-SNAPSHOT,com.fasterxml.jackson.core,jackson-annotations,2.19.2,false,
Gradle,finos.traderx.trade-processor,trade-processor,0.0.1-SNAPSHOT,com.fasterxml.jackson,jackson-bom,2.19.2,false,
Gradle,finos.traderx.trade-processor,trade-processor,0.0.1-SNAPSHOT,com.fasterxml.jackson.core,jackson-core,2.19.2,false,
Gradle,finos.traderx.trade-processor,trade-processor,0.0.1-SNAPSHOT,io.swagger.core.v3,swagger-models-jakarta,2.2.38,false,
Gradle,finos.traderx.trade-processor,trade-processor,0.0.1-SNAPSHOT,com.fasterxml.jackson.dataformat,jackson-dataformat-yaml,2.19.2,false,
Gradle,finos.traderx.trade-processor,trade-processor,0.0.1-SNAPSHOT,io.swagger.core.v3,swagger-annotations-jakarta,2.2.38,false,
Gradle,finos.traderx.trade-processor,trade-processor,0.0.1-SNAPSHOT,org.springframework,spring-webmvc,6.2.12,false,
Gradle,finos.traderx.trade-processor,trade-processor,0.0.1-SNAPSHOT,org.springframework,spring-web,6.2.12,false,
Gradle,finos.traderx.trade-processor,trade-processor,0.0.1-SNAPSHOT,org.webjars,webjars-locator-lite,1.1.2,false,
Gradle,finos.traderx.trade-processor,trade-processor,0.0.1-SNAPSHOT,org.jspecify,jspecify,1.0.0,false,
Gradle,finos.traderx.trade-processor,trade-processor,0.0.1-SNAPSHOT,org.webjars,swagger-ui,5.30.2,true,
Gradle,finos.traderx.trade-processor,trade-processor,0.0.1-SNAPSHOT,org.springframework.boot,spring-boot-starter-test,3.5.7,true,
Gradle,finos.traderx.trade-processor,trade-processor,0.0.1-SNAPSHOT,com.jayway.jsonpath,json-path,2.9.0,false,
Gradle,finos.traderx.trade-processor,trade-processor,0.0.1-SNAPSHOT,net.minidev,json-smart,2.5.2,false,
Gradle,finos.traderx.trade-processor,trade-processor,0.0.1-SNAPSHOT,net.minidev,accessors-smart,2.5.2,false,
Gradle,finos.traderx.trade-processor,trade-processor,0.0.1-SNAPSHOT,org.ow2.asm,asm,9.7.1,false,
Gradle,finos.traderx.trade-processor,trade-processor,0.0.1-SNAPSHOT,org.springframework.boot,spring-boot-test-autoconfigure,3.5.7,false,
Gradle,finos.traderx.trade-processor,trade-processor,0.0.1-SNAPSHOT,org.springframework.boot,spring-boot-test,3.5.7,false,
Gradle,finos.traderx.trade-processor,trade-processor,0.0.1-SNAPSHOT,org.springframework,spring-test,6.2.12,false,
Gradle,finos.traderx.trade-processor,trade-processor,0.0.1-SNAPSHOT,org.assertj,assertj-core,3.27.6,false,
Gradle,finos.traderx.trade-processor,trade-processor,0.0.1-SNAPSHOT,net.bytebuddy,byte-buddy,1.17.8,false,
Gradle,finos.traderx.trade-processor,trade-processor,0.0.1-SNAPSHOT,org.awaitility,awaitility,4.2.2,false,
Gradle,finos.traderx.trade-processor,trade-processor,0.0.1-SNAPSHOT,org.hamcrest,hamcrest,3.0,false,
Gradle,finos.traderx.trade-processor,trade-processor,0.0.1-SNAPSHOT,org.junit.platform,junit-platform-launcher,1.12.2,false,
Gradle,finos.traderx.trade-processor,trade-processor,0.0.1-SNAPSHOT,org.junit.platform,junit-platform-engine,1.12.2,false,
Gradle,finos.traderx.trade-processor,trade-processor,0.0.1-SNAPSHOT,org.junit.platform,junit-platform-commons,1.12.2,false,
Gradle,finos.traderx.trade-processor,trade-processor,0.0.1-SNAPSHOT,org.junit,junit-bom,5.12.2,false,
Gradle,finos.traderx.trade-processor,trade-processor,0.0.1-SNAPSHOT,org.opentest4j,opentest4j,1.3.0,false,
Gradle,finos.traderx.trade-processor,trade-processor,0.0.1-SNAPSHOT,org.mockito,mockito-junit-jupiter,5.17.0,false,
Gradle,finos.traderx.trade-processor,trade-processor,0.0.1-SNAPSHOT,org.junit.jupiter,junit-jupiter-api,5.12.2,false,
Gradle,finos.traderx.trade-processor,trade-processor,0.0.1-SNAPSHOT,org.mockito,mockito-core,5.17.0,false,
Gradle,finos.traderx.trade-processor,trade-processor,0.0.1-SNAPSHOT,net.bytebuddy,byte-buddy-agent,1.17.8,false,
Gradle,finos.traderx.trade-processor,trade-processor,0.0.1-SNAPSHOT,org.objenesis,objenesis,3.3,false,
Gradle,finos.traderx.trade-processor,trade-processor,0.0.1-SNAPSHOT,org.junit.jupiter,junit-jupiter,5.12.2,false,
Gradle,finos.traderx.trade-processor,trade-processor,0.0.1-SNAPSHOT,org.junit.jupiter,junit-jupiter-params,5.12.2,false,
Gradle,finos.traderx.trade-processor,trade-processor,0.0.1-SNAPSHOT,org.junit.jupiter,junit-jupiter-engine,5.12.2,false,
Gradle,finos.traderx.trade-processor,trade-processor,0.0.1-SNAPSHOT,org.skyscreamer,jsonassert,1.5.3,false,
Gradle,finos.traderx.trade-processor,trade-processor,0.0.1-SNAPSHOT,com.vaadin.external.google,android-json,0.0.20131108.vaadin1,false,
Gradle,finos.traderx.trade-processor,trade-processor,0.0.1-SNAPSHOT,org.xmlunit,xmlunit-core,2.10.4,false,
Gradle,finos.traderx.trade-processor,trade-processor,0.0.1-SNAPSHOT,com.h2database,h2,2.4.240,true,
Gradle,finos.traderx.trade-processor,trade-processor,0.0.1-SNAPSHOT,org.springframework.boot,spring-boot-starter-web,3.5.7,true,
Gradle,finos.traderx.trade-processor,trade-processor,0.0.1-SNAPSHOT,org.springframework.boot,spring-boot-starter-json,3.5.7,false,
Gradle,finos.traderx.trade-processor,trade-processor,0.0.1-SNAPSHOT,com.fasterxml.jackson.datatype,jackson-datatype-jdk8,2.19.2,false,
Gradle,finos.traderx.trade-processor,trade-processor,0.0.1-SNAPSHOT,com.fasterxml.jackson.module,jackson-module-parameter-names,2.19.2,false,
Gradle,finos.traderx.trade-processor,trade-processor,0.0.1-SNAPSHOT,org.springframework.boot,spring-boot-starter-tomcat,3.5.7,false,
Gradle,finos.traderx.trade-processor,trade-processor,0.0.1-SNAPSHOT,org.apache.tomcat.embed,tomcat-embed-websocket,10.1.48,false,
Gradle,finos.traderx.trade-processor,trade-processor,0.0.1-SNAPSHOT,org.apache.tomcat.embed,tomcat-embed-core,10.1.48,false,
Gradle,finos.traderx.trade-processor,trade-processor,0.0.1-SNAPSHOT,org.springframework.boot,spring-boot-starter-data-jpa,3.5.7,true,
Gradle,finos.traderx.trade-processor,trade-processor,0.0.1-SNAPSHOT,org.springframework.boot,spring-boot-starter-jdbc,3.5.7,false,
Gradle,finos.traderx.trade-processor,trade-processor,0.0.1-SNAPSHOT,com.zaxxer,HikariCP,6.3.3,false,
Gradle,finos.traderx.trade-processor,trade-processor,0.0.1-SNAPSHOT,org.springframework,spring-jdbc,6.2.12,false,
Gradle,finos.traderx.trade-processor,trade-processor,0.0.1-SNAPSHOT,org.springframework,spring-tx,6.2.12,false,
Gradle,finos.traderx.trade-processor,trade-processor,0.0.1-SNAPSHOT,org.hibernate.orm,hibernate-core,6.6.33.Final,false,
Gradle,finos.traderx.trade-processor,trade-processor,0.0.1-SNAPSHOT,org.glassfish.jaxb,jaxb-runtime,4.0.6,false,
Gradle,finos.traderx.trade-processor,trade-processor,0.0.1-SNAPSHOT,org.glassfish.jaxb,jaxb-core,4.0.6,false,
Gradle,finos.traderx.trade-processor,trade-processor,0.0.1-SNAPSHOT,org.eclipse.angus,angus-activation,2.0.3,false,
Gradle,finos.traderx.trade-processor,trade-processor,0.0.1-SNAPSHOT,org.glassfish.jaxb,txw2,4.0.6,false,
Gradle,finos.traderx.trade-processor,trade-processor,0.0.1-SNAPSHOT,com.sun.istack,istack-commons-runtime,4.1.2,false,
Gradle,finos.traderx.trade-processor,trade-processor,0.0.1-SNAPSHOT,jakarta.persistence,jakarta.persistence-api,3.1.0,false,
Gradle,finos.traderx.trade-processor,trade-processor,0.0.1-SNAPSHOT,jakarta.transaction,jakarta.transaction-api,2.0.1,false,
Gradle,finos.traderx.trade-processor,trade-processor,0.0.1-SNAPSHOT,org.hibernate.common,hibernate-commons-annotations,7.0.3.Final,false,
Gradle,finos.traderx.trade-processor,trade-processor,0.0.1-SNAPSHOT,io.smallrye,jandex,3.2.0,false,
Gradle,finos.traderx.trade-processor,trade-processor,0.0.1-SNAPSHOT,jakarta.inject,jakarta.inject-api,2.0.1,false,
Gradle,finos.traderx.trade-processor,trade-processor,0.0.1-SNAPSHOT,org.antlr,antlr4-runtime,4.13.0,false,
Gradle,finos.traderx.trade-processor,trade-processor,0.0.1-SNAPSHOT,org.springframework.data,spring-data-jpa,3.5.5,false,
Gradle,finos.traderx.trade-processor,trade-processor,0.0.1-SNAPSHOT,org.springframework.data,spring-data-commons,3.5.5,false,
Gradle,finos.traderx.trade-processor,trade-processor,0.0.1-SNAPSHOT,org.springframework,spring-orm,6.2.12,false,
Gradle,finos.traderx.trade-processor,trade-processor,0.0.1-SNAPSHOT,org.springframework,spring-aspects,6.2.12,false,
Gradle,finos.traderx.trade-processor,trade-processor,0.0.1-SNAPSHOT,org.aspectj,aspectjweaver,1.9.24,false,
Gradle,finos.traderx.trade-processor,trade-processor,0.0.1-SNAPSHOT,io.socket,socket.io-client,2.1.2,true,
Gradle,finos.traderx.trade-processor,trade-processor,0.0.1-SNAPSHOT,io.socket,engine.io-client,2.1.0,false,
Gradle,finos.traderx.trade-processor,trade-processor,0.0.1-SNAPSHOT,com.squareup.okhttp3,okhttp,5.3.0,false,
Gradle,finos.traderx.trade-processor,trade-processor,0.0.1-SNAPSHOT,com.squareup.okhttp3,okhttp-jvm,5.3.0,false,
Gradle,finos.traderx.trade-processor,trade-processor,0.0.1-SNAPSHOT,com.squareup.okio,okio,3.16.2,false,
Gradle,finos.traderx.trade-processor,trade-processor,0.0.1-SNAPSHOT,com.squareup.okio,okio-jvm,3.16.2,false,
Gradle,finos.traderx.trade-processor,trade-processor,0.0.1-SNAPSHOT,org.jetbrains.kotlin,kotlin-stdlib,1.9.25,false,
Gradle,finos.traderx.trade-processor,trade-processor,0.0.1-SNAPSHOT,org.jetbrains,annotations,13.0,false,
Gradle,finos.traderx.trade-processor,trade-processor,0.0.1-SNAPSHOT,org.json,json,20250517,true,
Gradle,finos.traderx.trade-service,trade-service,0.0.1-SNAPSHOT,org.apache.commons,commons-lang3,3.18.0,true,
Gradle,finos.traderx.trade-service,trade-service,0.0.1-SNAPSHOT,org.springdoc,springdoc-openapi-starter-webmvc-ui,2.8.14,true,
Gradle,finos.traderx.trade-service,trade-service,0.0.1-SNAPSHOT,org.springdoc,springdoc-openapi-starter-webmvc-api,2.8.14,false,
Gradle,finos.traderx.trade-service,trade-service,0.0.1-SNAPSHOT,org.springdoc,springdoc-openapi-starter-common,2.8.14,false,
Gradle,finos.traderx.trade-service,trade-service,0.0.1-SNAPSHOT,org.springframework.boot,spring-boot-starter-validation,3.5.7,false,
Gradle,finos.traderx.trade-service,trade-service,0.0.1-SNAPSHOT,org.springframework.boot,spring-boot-starter,3.5.7,false,
Gradle,finos.traderx.trade-service,trade-service,0.0.1-SNAPSHOT,org.springframework.boot,spring-boot-starter-logging,3.5.7,false,
Gradle,finos.traderx.trade-service,trade-service,0.0.1-SNAPSHOT,ch.qos.logback,logback-classic,1.5.21,false,
Gradle,finos.traderx.trade-service,trade-service,0.0.1-SNAPSHOT,ch.qos.logback,logback-core,1.5.21,false,
Gradle,finos.traderx.trade-service,trade-service,0.0.1-SNAPSHOT,org.slf4j,slf4j-api,2.0.17,false,
Gradle,finos.traderx.trade-service,trade-service,0.0.1-SNAPSHOT,org.apache.logging.log4j,log4j-to-slf4j,2.24.3,false,
Gradle,finos.traderx.trade-service,trade-service,0.0.1-SNAPSHOT,org.apache.logging.log4j,log4j-api,2.24.3,false,
Gradle,finos.traderx.trade-service,trade-service,0.0.1-SNAPSHOT,org.slf4j,jul-to-slf4j,2.0.17,false,
Gradle,finos.traderx.trade-service,trade-service,0.0.1-SNAPSHOT,org.springframework.boot,spring-boot-autoconfigure,3.5.7,false,
Gradle,finos.traderx.trade-service,trade-service,0.0.1-SNAPSHOT,org.springframework.boot,spring-boot,3.5.7,false,
Gradle,finos.traderx.trade-service,trade-service,0.0.1-SNAPSHOT,org.springframework,spring-context,6.2.12,false,
Gradle,finos.traderx.trade-service,trade-service,0.0.1-SNAPSHOT,org.springframework,spring-aop,6.2.12,false,
Gradle,finos.traderx.trade-service,trade-service,0.0.1-SNAPSHOT,org.springframework,spring-beans,6.2.12,false,
Gradle,finos.traderx.trade-service,trade-service,0.0.1-SNAPSHOT,org.springframework,spring-core,6.2.12,false,
Gradle,finos.traderx.trade-service,trade-service,0.0.1-SNAPSHOT,org.springframework,spring-jcl,6.2.12,false,
Gradle,finos.traderx.trade-service,trade-service,0.0.1-SNAPSHOT,org.springframework,spring-expression,6.2.12,false,
Gradle,finos.traderx.trade-service,trade-service,0.0.1-SNAPSHOT,io.micrometer,micrometer-observation,1.15.5,false,
Gradle,finos.traderx.trade-service,trade-service,0.0.1-SNAPSHOT,io.micrometer,micrometer-commons,1.15.5,false,
Gradle,finos.traderx.trade-service,trade-service,0.0.1-SNAPSHOT,jakarta.annotation,jakarta.annotation-api,2.1.1,false,
Gradle,finos.traderx.trade-service,trade-service,0.0.1-SNAPSHOT,org.hibernate.validator,hibernate-validator,8.0.3.Final,false,
Gradle,finos.traderx.trade-service,trade-service,0.0.1-SNAPSHOT,org.jboss.logging,jboss-logging,3.6.1.Final,false,
Gradle,finos.traderx.trade-service,trade-service,0.0.1-SNAPSHOT,com.fasterxml,classmate,1.7.1,false,
Gradle,finos.traderx.trade-service,trade-service,0.0.1-SNAPSHOT,jakarta.validation,jakarta.validation-api,3.0.2,false,
Gradle,finos.traderx.trade-service,trade-service,0.0.1-SNAPSHOT,org.apache.tomcat.embed,tomcat-embed-el,10.1.48,false,
Gradle,finos.traderx.trade-service,trade-service,0.0.1-SNAPSHOT,io.swagger.core.v3,swagger-core-jakarta,2.2.38,false,
Gradle,finos.traderx.trade-service,trade-service,0.0.1-SNAPSHOT,jakarta.xml.bind,jakarta.xml.bind-api,4.0.4,false,
Gradle,finos.traderx.trade-service,trade-service,0.0.1-SNAPSHOT,jakarta.activation,jakarta.activation-api,2.1.4,false,
Gradle,finos.traderx.trade-service,trade-service,0.0.1-SNAPSHOT,com.fasterxml.jackson.datatype,jackson-datatype-jsr310,2.19.2,false,
Gradle,finos.traderx.trade-service,trade-service,0.0.1-SNAPSHOT,com.fasterxml.jackson.core,jackson-annotations,2.19.2,false,
Gradle,finos.traderx.trade-service,trade-service,0.0.1-SNAPSHOT,com.fasterxml.jackson,jackson-bom,2.19.2,false,
Gradle,finos.traderx.trade-service,trade-service,0.0.1-SNAPSHOT,com.fasterxml.jackson.core,jackson-core,2.19.2,false,
Gradle,finos.traderx.trade-service,trade-service,0.0.1-SNAPSHOT,com.fasterxml.jackson.core,jackson-databind,2.19.2,false,
Gradle,finos.traderx.trade-service,trade-service,0.0.1-SNAPSHOT,io.swagger.core.v3,swagger-models-jakarta,2.2.38,false,
Gradle,finos.traderx.trade-service,trade-service,0.0.1-SNAPSHOT,com.fasterxml.jackson.dataformat,jackson-dataformat-yaml,2.19.2,false,
Gradle,finos.traderx.trade-service,trade-service,0.0.1-SNAPSHOT,io.swagger.core.v3,swagger-annotations-jakarta,2.2.38,false,
Gradle,finos.traderx.trade-service,trade-service,0.0.1-SNAPSHOT,org.springframework,spring-webmvc,6.2.12,false,
Gradle,finos.traderx.trade-service,trade-service,0.0.1-SNAPSHOT,org.springframework,spring-web,6.2.12,false,
Gradle,finos.traderx.trade-service,trade-service,0.0.1-SNAPSHOT,org.webjars,webjars-locator-lite,1.1.2,false,
Gradle,finos.traderx.trade-service,trade-service,0.0.1-SNAPSHOT,org.jspecify,jspecify,1.0.0,false,
Gradle,finos.traderx.trade-service,trade-service,0.0.1-SNAPSHOT,org.webjars,swagger-ui,5.30.2,true,
Gradle,finos.traderx.trade-service,trade-service,0.0.1-SNAPSHOT,org.springframework.boot,spring-boot-starter-test,3.5.7,true,
Gradle,finos.traderx.trade-service,trade-service,0.0.1-SNAPSHOT,com.jayway.jsonpath,json-path,2.9.0,false,
Gradle,finos.traderx.trade-service,trade-service,0.0.1-SNAPSHOT,net.minidev,json-smart,2.5.2,false,
Gradle,finos.traderx.trade-service,trade-service,0.0.1-SNAPSHOT,net.minidev,accessors-smart,2.5.2,false,
Gradle,finos.traderx.trade-service,trade-service,0.0.1-SNAPSHOT,org.ow2.asm,asm,9.7.1,false,
Gradle,finos.traderx.trade-service,trade-service,0.0.1-SNAPSHOT,org.springframework.boot,spring-boot-test-autoconfigure,3.5.7,false,
Gradle,finos.traderx.trade-service,trade-service,0.0.1-SNAPSHOT,org.springframework.boot,spring-boot-test,3.5.7,false,
Gradle,finos.traderx.trade-service,trade-service,0.0.1-SNAPSHOT,org.springframework,spring-test,6.2.12,false,
Gradle,finos.traderx.trade-service,trade-service,0.0.1-SNAPSHOT,org.assertj,assertj-core,3.27.6,false,
Gradle,finos.traderx.trade-service,trade-service,0.0.1-SNAPSHOT,net.bytebuddy,byte-buddy,1.17.8,false,
Gradle,finos.traderx.trade-service,trade-service,0.0.1-SNAPSHOT,org.awaitility,awaitility,4.2.2,false,
Gradle,finos.traderx.trade-service,trade-service,0.0.1-SNAPSHOT,org.hamcrest,hamcrest,3.0,false,
Gradle,finos.traderx.trade-service,trade-service,0.0.1-SNAPSHOT,org.junit.platform,junit-platform-launcher,1.12.2,false,
Gradle,finos.traderx.trade-service,trade-service,0.0.1-SNAPSHOT,org.junit.platform,junit-platform-engine,1.12.2,false,
Gradle,finos.traderx.trade-service,trade-service,0.0.1-SNAPSHOT,org.junit.platform,junit-platform-commons,1.12.2,false,
Gradle,finos.traderx.trade-service,trade-service,0.0.1-SNAPSHOT,org.junit,junit-bom,5.12.2,false,
Gradle,finos.traderx.trade-service,trade-service,0.0.1-SNAPSHOT,org.opentest4j,opentest4j,1.3.0,false,
Gradle,finos.traderx.trade-service,trade-service,0.0.1-SNAPSHOT,org.mockito,mockito-junit-jupiter,5.17.0,false,
Gradle,finos.traderx.trade-service,trade-service,0.0.1-SNAPSHOT,org.junit.jupiter,junit-jupiter-api,5.12.2,false,
Gradle,finos.traderx.trade-service,trade-service,0.0.1-SNAPSHOT,org.mockito,mockito-core,5.17.0,false,
Gradle,finos.traderx.trade-service,trade-service,0.0.1-SNAPSHOT,net.bytebuddy,byte-buddy-agent,1.17.8,false,
Gradle,finos.traderx.trade-service,trade-service,0.0.1-SNAPSHOT,org.objenesis,objenesis,3.3,false,
Gradle,finos.traderx.trade-service,trade-service,0.0.1-SNAPSHOT,org.junit.jupiter,junit-jupiter,5.12.2,false,
Gradle,finos.traderx.trade-service,trade-service,0.0.1-SNAPSHOT,org.junit.jupiter,junit-jupiter-params,5.12.2,false,
Gradle,finos.traderx.trade-service,trade-service,0.0.1-SNAPSHOT,org.junit.jupiter,junit-jupiter-engine,5.12.2,false,
Gradle,finos.traderx.trade-service,trade-service,0.0.1-SNAPSHOT,org.skyscreamer,jsonassert,1.5.3,false,
Gradle,finos.traderx.trade-service,trade-service,0.0.1-SNAPSHOT,com.vaadin.external.google,android-json,0.0.20131108.vaadin1,false,
Gradle,finos.traderx.trade-service,trade-service,0.0.1-SNAPSHOT,org.xmlunit,xmlunit-core,2.10.4,false,
Gradle,finos.traderx.trade-service,trade-service,0.0.1-SNAPSHOT,com.h2database,h2,2.4.240,true,
Gradle,finos.traderx.trade-service,trade-service,0.0.1-SNAPSHOT,org.springframework.boot,spring-boot-starter-web,3.5.7,true,
Gradle,finos.traderx.trade-service,trade-service,0.0.1-SNAPSHOT,org.springframework.boot,spring-boot-starter-json,3.5.7,false,
Gradle,finos.traderx.trade-service,trade-service,0.0.1-SNAPSHOT,com.fasterxml.jackson.module,jackson-module-parameter-names,2.19.2,false,
Gradle,finos.traderx.trade-service,trade-service,0.0.1-SNAPSHOT,com.fasterxml.jackson.datatype,jackson-datatype-jdk8,2.19.2,false,
Gradle,finos.traderx.trade-service,trade-service,0.0.1-SNAPSHOT,org.springframework.boot,spring-boot-starter-tomcat,3.5.7,false,
Gradle,finos.traderx.trade-service,trade-service,0.0.1-SNAPSHOT,org.apache.tomcat.embed,tomcat-embed-websocket,10.1.48,false,
Gradle,finos.traderx.trade-service,trade-service,0.0.1-SNAPSHOT,org.apache.tomcat.embed,tomcat-embed-core,10.1.48,false,
Gradle,finos.traderx.trade-service,trade-service,0.0.1-SNAPSHOT,org.springframework.boot,spring-boot-starter-data-jpa,3.5.7,true,
Gradle,finos.traderx.trade-service,trade-service,0.0.1-SNAPSHOT,org.springframework.boot,spring-boot-starter-jdbc,3.5.7,false,
Gradle,finos.traderx.trade-service,trade-service,0.0.1-SNAPSHOT,com.zaxxer,HikariCP,6.3.3,false,
Gradle,finos.traderx.trade-service,trade-service,0.0.1-SNAPSHOT,org.springframework,spring-jdbc,6.2.12,false,
Gradle,finos.traderx.trade-service,trade-service,0.0.1-SNAPSHOT,org.springframework,spring-tx,6.2.12,false,
Gradle,finos.traderx.trade-service,trade-service,0.0.1-SNAPSHOT,org.hibernate.orm,hibernate-core,6.6.33.Final,false,
Gradle,finos.traderx.trade-service,trade-service,0.0.1-SNAPSHOT,org.glassfish.jaxb,jaxb-runtime,4.0.6,false,
Gradle,finos.traderx.trade-service,trade-service,0.0.1-SNAPSHOT,org.glassfish.jaxb,jaxb-core,4.0.6,false,
Gradle,finos.traderx.trade-service,trade-service,0.0.1-SNAPSHOT,org.eclipse.angus,angus-activation,2.0.3,false,
Gradle,finos.traderx.trade-service,trade-service,0.0.1-SNAPSHOT,org.glassfish.jaxb,txw2,4.0.6,false,
Gradle,finos.traderx.trade-service,trade-service,0.0.1-SNAPSHOT,com.sun.istack,istack-commons-runtime,4.1.2,false,
Gradle,finos.traderx.trade-service,trade-service,0.0.1-SNAPSHOT,jakarta.persistence,jakarta.persistence-api,3.1.0,false,
Gradle,finos.traderx.trade-service,trade-service,0.0.1-SNAPSHOT,jakarta.transaction,jakarta.transaction-api,2.0.1,false,
Gradle,finos.traderx.trade-service,trade-service,0.0.1-SNAPSHOT,org.hibernate.common,hibernate-commons-annotations,7.0.3.Final,false,
Gradle,finos.traderx.trade-service,trade-service,0.0.1-SNAPSHOT,io.smallrye,jandex,3.2.0,false,
Gradle,finos.traderx.trade-service,trade-service,0.0.1-SNAPSHOT,jakarta.inject,jakarta.inject-api,2.0.1,false,
Gradle,finos.traderx.trade-service,trade-service,0.0.1-SNAPSHOT,org.antlr,antlr4-runtime,4.13.0,false,
Gradle,finos.traderx.trade-service,trade-service,0.0.1-SNAPSHOT,org.springframework.data,spring-data-jpa,3.5.5,false,
Gradle,finos.traderx.trade-service,trade-service,0.0.1-SNAPSHOT,org.springframework.data,spring-data-commons,3.5.5,false,
Gradle,finos.traderx.trade-service,trade-service,0.0.1-SNAPSHOT,org.springframework,spring-orm,6.2.12,false,
Gradle,finos.traderx.trade-service,trade-service,0.0.1-SNAPSHOT,org.springframework,spring-aspects,6.2.12,false,
Gradle,finos.traderx.trade-service,trade-service,0.0.1-SNAPSHOT,org.aspectj,aspectjweaver,1.9.24,false,
Gradle,finos.traderx.trade-service,trade-service,0.0.1-SNAPSHOT,io.socket,socket.io-client,2.1.2,true,
Gradle,finos.traderx.trade-service,trade-service,0.0.1-SNAPSHOT,io.socket,engine.io-client,2.1.0,false,
Gradle,finos.traderx.trade-service,trade-service,0.0.1-SNAPSHOT,com.squareup.okhttp3,okhttp,5.3.0,false,
Gradle,finos.traderx.trade-service,trade-service,0.0.1-SNAPSHOT,com.squareup.okhttp3,okhttp-jvm,5.3.0,false,
Gradle,finos.traderx.trade-service,trade-service,0.0.1-SNAPSHOT,com.squareup.okio,okio,3.16.2,false,
Gradle,finos.traderx.trade-service,trade-service,0.0.1-SNAPSHOT,com.squareup.okio,okio-jvm,3.16.2,false,
Gradle,finos.traderx.trade-service,trade-service,0.0.1-SNAPSHOT,org.jetbrains.kotlin,kotlin-stdlib,1.9.25,false,
Gradle,finos.traderx.trade-service,trade-service,0.0.1-SNAPSHOT,org.jetbrains,annotations,13.0,false,
Gradle,finos.traderx.trade-service,trade-service,0.0.1-SNAPSHOT,org.json,json,20250517,true,
