Source path,Class name,Signature,Checksum,Description,Return value description,Technique 1,Technique 2,Technique 3,Inference time (ms),Input tokens,Output tokens
account-service/src/main/java/finos/traderx/accountservice/AccountServiceApplication.java,finos.traderx.accountservice.AccountServiceApplication,"finos.traderx.accountservice.AccountServiceApplication{name=main,return=void,parameters=[java.lang.String[]]}",8276f9f7c76b89dcbfc7df91b1245f18080e6cd6407ee6696ec8f8b4d7204888,,,,,,0,256,0
account-service/src/main/java/finos/traderx/accountservice/OpenApiConfig.java,finos.traderx.accountservice.OpenApiConfig,"finos.traderx.accountservice.OpenApiConfig{name=config,return=io.swagger.v3.oas.models.OpenAPI,parameters=[]}",8a0c3fdd99b18e33e012faa54e06da14d4caec02ac034d1a08fdd5961958eace,,,,,,0,355,0
account-service/src/main/java/finos/traderx/accountservice/controller/AccountController.java,finos.traderx.accountservice.controller.AccountController,"finos.traderx.accountservice.controller.AccountController{name=createAccount,return=org.springframework.http.ResponseEntity<finos.traderx.accountservice.model.Account>,parameters=[finos.traderx.accountservice.model.Account]}",a04d8a96e409638cfff0ee15e3ef49edf63f03d681fa00c533bd1af5a93c5a13,,,,,,0,308,0
account-service/src/main/java/finos/traderx/accountservice/controller/AccountController.java,finos.traderx.accountservice.controller.AccountController,"finos.traderx.accountservice.controller.AccountController{name=updateAccount,return=org.springframework.http.ResponseEntity<finos.traderx.accountservice.model.Account>,parameters=[finos.traderx.accountservice.model.Account]}",fe7a13d39f6dd5acd96599f2a281a12d382cfbf2547fb3030ec670b45751f9a1,,,,,,0,311,0
account-service/src/main/java/finos/traderx/accountservice/controller/AccountController.java,finos.traderx.accountservice.controller.AccountController,"finos.traderx.accountservice.controller.AccountController{name=resourceNotFoundExceptionMapper,return=org.springframework.http.ResponseEntity<java.lang.String>,parameters=[finos.traderx.accountservice.exceptions.ResourceNotFoundException]}",b1052064e89ea97fff7ff4cd9adeb02c5f34c52d0b73160b6128ea4846d69179,,,,,,0,287,0
account-service/src/main/java/finos/traderx/accountservice/controller/AccountController.java,finos.traderx.accountservice.controller.AccountController,"finos.traderx.accountservice.controller.AccountController{name=generalError,return=org.springframework.http.ResponseEntity<java.lang.String>,parameters=[java.lang.Exception]}",1ffd9a7212c571278b297523708bcec71c50e95b3800f20e966461d4d46b4aae,,,,,,0,273,0
account-service/src/main/java/finos/traderx/accountservice/controller/AccountUserController.java,finos.traderx.accountservice.controller.AccountUserController,"finos.traderx.accountservice.controller.AccountUserController{name=createAccountUser,return=org.springframework.http.ResponseEntity<finos.traderx.accountservice.model.AccountUser>,parameters=[finos.traderx.accountservice.model.AccountUser]}",a5b0df911d44227308d92cc5ba929b0cd5ccac130e05cbe7f7b6b0719484e9de,,,,,,0,360,0
account-service/src/main/java/finos/traderx/accountservice/controller/AccountUserController.java,finos.traderx.accountservice.controller.AccountUserController,"finos.traderx.accountservice.controller.AccountUserController{name=updateAccountUser,return=org.springframework.http.ResponseEntity<finos.traderx.accountservice.model.AccountUser>,parameters=[finos.traderx.accountservice.model.AccountUser]}",e7c87029c7afc7569e468ce6ac0bc68887bce95d3a43c1fbf7c8e9ae1a622540,,,,,,0,318,0
account-service/src/main/java/finos/traderx/accountservice/controller/AccountUserController.java,finos.traderx.accountservice.controller.AccountUserController,"finos.traderx.accountservice.controller.AccountUserController{name=resourceNotFoundExceptionMapper,return=org.springframework.http.ResponseEntity<java.lang.String>,parameters=[finos.traderx.accountservice.exceptions.ResourceNotFoundException]}",b1052064e89ea97fff7ff4cd9adeb02c5f34c52d0b73160b6128ea4846d69179,,,,,,0,287,0
account-service/src/main/java/finos/traderx/accountservice/controller/AccountUserController.java,finos.traderx.accountservice.controller.AccountUserController,"finos.traderx.accountservice.controller.AccountUserController{name=generalError,return=org.springframework.http.ResponseEntity<java.lang.String>,parameters=[java.lang.Exception]}",1ffd9a7212c571278b297523708bcec71c50e95b3800f20e966461d4d46b4aae,,,,,,0,273,0
account-service/src/main/java/finos/traderx/accountservice/controller/DocsController.java,finos.traderx.accountservice.controller.DocsController,"finos.traderx.accountservice.controller.DocsController{name=index,return=java.lang.String,parameters=[]}",54c49c322fc5ebb2b689bec49477af356467900f3d772f06eaa8a3835791171d,,,,,,0,242,0
account-service/src/main/java/finos/traderx/accountservice/service/AccountService.java,finos.traderx.accountservice.service.AccountService,"finos.traderx.accountservice.service.AccountService{name=upsertAccount,return=finos.traderx.accountservice.model.Account,parameters=[finos.traderx.accountservice.model.Account]}",e5696617b5047531374752049ed4a781dcec82e41da5c8d64dccd688c8eedb74,,,,,,0,270,0
account-service/src/main/java/finos/traderx/accountservice/service/AccountUserService.java,finos.traderx.accountservice.service.AccountUserService,"finos.traderx.accountservice.service.AccountUserService{name=upsertAccountUser,return=finos.traderx.accountservice.model.AccountUser,parameters=[finos.traderx.accountservice.model.AccountUser]}",f8df74f34d6916038e5c3978477bbd95543a3c042595222939a91f91e70352e3,,,,,,0,356,0
position-service/src/main/java/finos/traderx/positionservice/OpenApiConfig.java,finos.traderx.positionservice.OpenApiConfig,"finos.traderx.positionservice.OpenApiConfig{name=config,return=io.swagger.v3.oas.models.OpenAPI,parameters=[]}",ba28d8648da3de0a726f746c25863fba3427577e8a993c7c627c34f3d57cb20c,,,,,,0,356,0
position-service/src/main/java/finos/traderx/positionservice/PositionServiceApplication.java,finos.traderx.positionservice.PositionServiceApplication,"finos.traderx.positionservice.PositionServiceApplication{name=main,return=void,parameters=[java.lang.String[]]}",8e6dcbb86d146c46f427561a0c63495a011a307f619fbc7cacde2ba8733731c1,,,,,,0,256,0
position-service/src/main/java/finos/traderx/positionservice/controller/DocsController.java,finos.traderx.positionservice.controller.DocsController,"finos.traderx.positionservice.controller.DocsController{name=index,return=java.lang.String,parameters=[]}",54c49c322fc5ebb2b689bec49477af356467900f3d772f06eaa8a3835791171d,,,,,,0,242,0
position-service/src/main/java/finos/traderx/positionservice/controller/HealthController.java,finos.traderx.positionservice.controller.HealthController,"finos.traderx.positionservice.controller.HealthController{name=generalError,return=org.springframework.http.ResponseEntity<java.lang.String>,parameters=[java.lang.Exception]}",d2755d04f767d28e29b3e8657966c21edae1f7e6df846f3421624ed3248b1132,,,,,,0,273,0
position-service/src/main/java/finos/traderx/positionservice/controller/PositionController.java,finos.traderx.positionservice.controller.PositionController,"finos.traderx.positionservice.controller.PositionController{name=generalError,return=org.springframework.http.ResponseEntity<java.lang.String>,parameters=[java.lang.Exception]}",d2755d04f767d28e29b3e8657966c21edae1f7e6df846f3421624ed3248b1132,,,,,,0,273,0
position-service/src/main/java/finos/traderx/positionservice/controller/TradeController.java,finos.traderx.positionservice.controller.TradeController,"finos.traderx.positionservice.controller.TradeController{name=generalError,return=org.springframework.http.ResponseEntity<java.lang.String>,parameters=[java.lang.Exception]}",1ffd9a7212c571278b297523708bcec71c50e95b3800f20e966461d4d46b4aae,,,,,,0,273,0
position-service/src/main/java/finos/traderx/positionservice/repository/PositionRepository.java,finos.traderx.positionservice.repository.PositionRepository,"finos.traderx.positionservice.repository.PositionRepository{name=findByAccountId,return=java.util.List<finos.traderx.positionservice.model.Position>,parameters=[java.lang.Integer]}",a8de46ead67e2f8ef352c20144033554a95602048e3b120bd389c49b4522a24b,,,,,,0,238,0
position-service/src/main/java/finos/traderx/positionservice/repository/TradeRepository.java,finos.traderx.positionservice.repository.TradeRepository,"finos.traderx.positionservice.repository.TradeRepository{name=findByAccountId,return=java.util.List<finos.traderx.positionservice.model.Trade>,parameters=[java.lang.Integer]}",e3e015f6a93194f03ca8753d598be920ba8afc884c4f92ab45591804be243496,,,,,,0,239,0
trade-processor/src/main/java/finos/traderx/messaging/Publisher.java,finos.traderx.messaging.Publisher,"finos.traderx.messaging.Publisher{name=publish,return=void,parameters=[Generic{T}]}",6fdf7240ae7e5beb130716c7fd8399833b4fd1b46fb8d4936649c773170e7378,,,,,,0,240,0
trade-processor/src/main/java/finos/traderx/messaging/Publisher.java,finos.traderx.messaging.Publisher,"finos.traderx.messaging.Publisher{name=publish,return=void,parameters=[java.lang.String,Generic{T}]}",5910b89f528fabead48516e131bfc0ecfdafca01261bcc49640efc568e290744,,,,,,0,243,0
trade-processor/src/main/java/finos/traderx/messaging/Publisher.java,finos.traderx.messaging.Publisher,"finos.traderx.messaging.Publisher{name=connect,return=void,parameters=[]}",a0901d18e3eb4f5877ccf80fb77efa1e5c08dfb59026166e132a28d590aa9827,,,,,,0,238,0
trade-processor/src/main/java/finos/traderx/messaging/Publisher.java,finos.traderx.messaging.Publisher,"finos.traderx.messaging.Publisher{name=disconnect,return=void,parameters=[]}",5db22e7dc969f618358ebb97c29bdc3ebcee2a8ea7a71e10b7e37a885b20520d,,,,,,0,238,0
trade-processor/src/main/java/finos/traderx/messaging/Subscriber.java,finos.traderx.messaging.Subscriber,"finos.traderx.messaging.Subscriber{name=subscribe,return=void,parameters=[java.lang.String]}",8403fc6d5ababe6f27fa99098142483f87e5d62ba4e72c5b254fee57118daa04,,,,,,0,240,0
trade-processor/src/main/java/finos/traderx/messaging/Subscriber.java,finos.traderx.messaging.Subscriber,"finos.traderx.messaging.Subscriber{name=unsubscribe,return=void,parameters=[java.lang.String]}",659154eaa2a72f27fed92a728f937c2a4ceb3d7de3ae4b7734a5d494e79cfa47,,,,,,0,240,0
trade-processor/src/main/java/finos/traderx/messaging/Subscriber.java,finos.traderx.messaging.Subscriber,"finos.traderx.messaging.Subscriber{name=onMessage,return=void,parameters=[finos.traderx.messaging.Envelope<Generic{?}>,Generic{T}]}",27b818882c1571308962d234559386dd60930a6554d74dd369f9ed99980bae6a,,,,,,0,249,0
trade-processor/src/main/java/finos/traderx/messaging/Subscriber.java,finos.traderx.messaging.Subscriber,"finos.traderx.messaging.Subscriber{name=connect,return=void,parameters=[]}",a0901d18e3eb4f5877ccf80fb77efa1e5c08dfb59026166e132a28d590aa9827,,,,,,0,238,0
trade-processor/src/main/java/finos/traderx/messaging/Subscriber.java,finos.traderx.messaging.Subscriber,"finos.traderx.messaging.Subscriber{name=disconnect,return=void,parameters=[]}",5db22e7dc969f618358ebb97c29bdc3ebcee2a8ea7a71e10b7e37a885b20520d,,,,,,0,238,0
trade-processor/src/main/java/finos/traderx/messaging/socketio/SocketIOJSONPublisher.java,finos.traderx.messaging.socketio.SocketIOJSONPublisher,"finos.traderx.messaging.socketio.SocketIOJSONPublisher{name=publish,return=void,parameters=[Generic{T}]}",6b17ff8875e02ace82c5a6bc7a12812308799f937360ea1ccd6f3c872505d635,,,,,,0,249,0
trade-processor/src/main/java/finos/traderx/messaging/socketio/SocketIOJSONPublisher.java,finos.traderx.messaging.socketio.SocketIOJSONPublisher,"finos.traderx.messaging.socketio.SocketIOJSONPublisher{name=publish,return=void,parameters=[java.lang.String,Generic{T}]}",5d4a3bbb33bba96563395b4c0e32ea04d371b4a0122d61d55cfc788f976f67ed,,,,,,0,412,0
trade-processor/src/main/java/finos/traderx/messaging/socketio/SocketIOJSONPublisher.java,finos.traderx.messaging.socketio.SocketIOJSONPublisher,"finos.traderx.messaging.socketio.SocketIOJSONPublisher{name=disconnect,return=void,parameters=[]}",05c3c1acd3a8cca25e560345b12e2bf695f0858d58ec297fad6eb38e100037b9,,,,,,0,265,0
trade-processor/src/main/java/finos/traderx/messaging/socketio/SocketIOJSONPublisher.java,finos.traderx.messaging.socketio.SocketIOJSONPublisher,"finos.traderx.messaging.socketio.SocketIOJSONPublisher{name=connect,return=void,parameters=[]}",ffd0425b2b98624ddb5810f31c47c7bad8b87fec6453a4fc3c60afacbb46d4a0,,,,,,0,300,0
trade-processor/src/main/java/finos/traderx/messaging/socketio/SocketIOJSONPublisher.java,finos.traderx.messaging.socketio.SocketIOJSONPublisher,"finos.traderx.messaging.socketio.SocketIOJSONPublisher{name=internalConnect,return=io.socket.client.Socket,parameters=[java.net.URI]}",39cc61f812a437e81042a5bae110eee0fec3777090a6d4f3798de17dfff111f6,,,,,,0,251,0
trade-processor/src/main/java/finos/traderx/messaging/socketio/SocketIOJSONPublisher.java,finos.traderx.messaging.socketio.SocketIOJSONPublisher,"finos.traderx.messaging.socketio.SocketIOJSONPublisher{name=afterPropertiesSet,return=void,parameters=[]}",dcbbe43b41e148061d2e8bfea5094799e9748cc639215bb10d312d21b8fb3b60,,,,,,0,444,0
trade-processor/src/main/java/finos/traderx/messaging/socketio/SocketIOJSONSubscriber.java,finos.traderx.messaging.socketio.SocketIOJSONSubscriber,"finos.traderx.messaging.socketio.SocketIOJSONSubscriber{name=onMessage,return=void,parameters=[finos.traderx.messaging.Envelope<Generic{?}>,Generic{T}]}",4b9133b96a7be66504a6bd874a45f86da26592e02c869d0b8d20edca83867dc6,,,,,,0,250,0
trade-processor/src/main/java/finos/traderx/messaging/socketio/SocketIOJSONSubscriber.java,finos.traderx.messaging.socketio.SocketIOJSONSubscriber,"finos.traderx.messaging.socketio.SocketIOJSONSubscriber{name=subscribe,return=void,parameters=[java.lang.String]}",7113e43a855007f6fee660eee8be35be62c1f17cf859f7f2c103ab48818a5848,,,,,,0,276,0
trade-processor/src/main/java/finos/traderx/messaging/socketio/SocketIOJSONSubscriber.java,finos.traderx.messaging.socketio.SocketIOJSONSubscriber,"finos.traderx.messaging.socketio.SocketIOJSONSubscriber{name=unsubscribe,return=void,parameters=[java.lang.String]}",9deb5d04f190b387c9c3ea978767c4acfb710053255c8daa2e0212861992f500,,,,,,0,258,0
trade-processor/src/main/java/finos/traderx/messaging/socketio/SocketIOJSONSubscriber.java,finos.traderx.messaging.socketio.SocketIOJSONSubscriber,"finos.traderx.messaging.socketio.SocketIOJSONSubscriber{name=disconnect,return=void,parameters=[]}",05c3c1acd3a8cca25e560345b12e2bf695f0858d58ec297fad6eb38e100037b9,,,,,,0,265,0
trade-processor/src/main/java/finos/traderx/messaging/socketio/SocketIOJSONSubscriber.java,finos.traderx.messaging.socketio.SocketIOJSONSubscriber,"finos.traderx.messaging.socketio.SocketIOJSONSubscriber{name=connect,return=void,parameters=[]}",ffd0425b2b98624ddb5810f31c47c7bad8b87fec6453a4fc3c60afacbb46d4a0,,,,,,0,300,0
trade-processor/src/main/java/finos/traderx/messaging/socketio/SocketIOJSONSubscriber.java,finos.traderx.messaging.socketio.SocketIOJSONSubscriber,"finos.traderx.messaging.socketio.SocketIOJSONSubscriber{name=internalConnect,return=io.socket.client.Socket,parameters=[java.net.URI]}",c002a2dce68ef83499620b60bd063313bf030dd701af83088bfc0faec33cedea,,,,,,0,679,0
trade-processor/src/main/java/finos/traderx/messaging/socketio/SocketIOJSONSubscriber.java,finos.traderx.messaging.socketio.SocketIOJSONSubscriber,"finos.traderx.messaging.socketio.SocketIOJSONSubscriber{name=afterPropertiesSet,return=void,parameters=[]}",cfcc5b0d49141b03e6060827f731fa979977c90b44e3bfeca8bf070da1882c56,,,,,,0,242,0
trade-processor/src/main/java/finos/traderx/tradeprocessor/OpenApiConfig.java,finos.traderx.tradeprocessor.OpenApiConfig,"finos.traderx.tradeprocessor.OpenApiConfig{name=config,return=io.swagger.v3.oas.models.OpenAPI,parameters=[]}",edb8fc9b8539b13c4e965231c966b4e868025c0330fbfc2abb34ec235f1a834b,,,,,,0,367,0
trade-processor/src/main/java/finos/traderx/tradeprocessor/PubSubConfig.java,finos.traderx.tradeprocessor.PubSubConfig,"finos.traderx.tradeprocessor.PubSubConfig{name=positionPublisher,return=finos.traderx.messaging.Publisher<finos.traderx.tradeprocessor.model.Position>,parameters=[]}",7df5a275b1f8a859a9d784a9f078af2a052d8ecee848696383a732f95625c318,,,,,,0,331,0
trade-processor/src/main/java/finos/traderx/tradeprocessor/PubSubConfig.java,finos.traderx.tradeprocessor.PubSubConfig,"finos.traderx.tradeprocessor.PubSubConfig{name=tradePublisher,return=finos.traderx.messaging.Publisher<finos.traderx.tradeprocessor.model.Trade>,parameters=[]}",717abf70da437cf283c4310d27f84748af4ac06799c7821ec8c904acc6f88ec0,,,,,,0,332,0
trade-processor/src/main/java/finos/traderx/tradeprocessor/PubSubConfig.java,finos.traderx.tradeprocessor.PubSubConfig,"finos.traderx.tradeprocessor.PubSubConfig{name=tradeFeedHandler,return=finos.traderx.messaging.Subscriber<finos.traderx.tradeprocessor.model.TradeOrder>,parameters=[]}",ea57963cfa7ae6ae1c06d03f2b398713cbe738712013c9e9e424b92566324cc7,,,,,,0,321,0
trade-processor/src/main/java/finos/traderx/tradeprocessor/TradeFeedHandler.java,finos.traderx.tradeprocessor.TradeFeedHandler,"finos.traderx.tradeprocessor.TradeFeedHandler{name=onMessage,return=void,parameters=[finos.traderx.messaging.Envelope<Generic{?}>,finos.traderx.tradeprocessor.model.TradeOrder]}",36462118c99f9aa722365eb9cfde92a3bd35ab7bb7ddd3118311a1d2f7768784,,,,,,0,341,0
trade-processor/src/main/java/finos/traderx/tradeprocessor/TradeProcessorApplication.java,finos.traderx.tradeprocessor.TradeProcessorApplication,"finos.traderx.tradeprocessor.TradeProcessorApplication{name=main,return=void,parameters=[java.lang.String[]]}",965a798e4333634b8053ed277727bc7494708297a44c9ad5c870bda4f57083c5,,,,,,0,261,0
trade-processor/src/main/java/finos/traderx/tradeprocessor/controller/DocsController.java,finos.traderx.tradeprocessor.controller.DocsController,"finos.traderx.tradeprocessor.controller.DocsController{name=index,return=java.lang.String,parameters=[]}",54c49c322fc5ebb2b689bec49477af356467900f3d772f06eaa8a3835791171d,,,,,,0,242,0
trade-processor/src/main/java/finos/traderx/tradeprocessor/controller/TradeServiceController.java,finos.traderx.tradeprocessor.controller.TradeServiceController,"finos.traderx.tradeprocessor.controller.TradeServiceController{name=processOrder,return=org.springframework.http.ResponseEntity<finos.traderx.tradeprocessor.model.TradeBookingResult>,parameters=[finos.traderx.tradeprocessor.model.TradeOrder]}",f3788555358788df59a66742c86cc1695e210b4bd4620a6c9317094faa7d5bbb,,,,,,0,333,0
trade-processor/src/main/java/finos/traderx/tradeprocessor/model/TradeResponse.java,finos.traderx.tradeprocessor.model.TradeResponse,"finos.traderx.tradeprocessor.model.TradeResponse{name=success,return=finos.traderx.tradeprocessor.model.TradeResponse,parameters=[java.lang.String]}",4802b2723c524f34a3a1be2f3d8b5a65e24123c9b32b6bc5057c8d2ae4b46b5f,,,,,,0,271,0
trade-processor/src/main/java/finos/traderx/tradeprocessor/model/TradeResponse.java,finos.traderx.tradeprocessor.model.TradeResponse,"finos.traderx.tradeprocessor.model.TradeResponse{name=error,return=finos.traderx.tradeprocessor.model.TradeResponse,parameters=[java.lang.String]}",062b55748b06a7185018da100d0a219bcd60f4d4b85d0fd61271c7acc6158071,,,,,,0,272,0
trade-processor/src/main/java/finos/traderx/tradeprocessor/repository/PositionRepository.java,finos.traderx.tradeprocessor.repository.PositionRepository,"finos.traderx.tradeprocessor.repository.PositionRepository{name=findByAccountId,return=java.util.List<finos.traderx.tradeprocessor.model.Position>,parameters=[java.lang.Integer]}",a8de46ead67e2f8ef352c20144033554a95602048e3b120bd389c49b4522a24b,,,,,,0,241,0
trade-processor/src/main/java/finos/traderx/tradeprocessor/repository/PositionRepository.java,finos.traderx.tradeprocessor.repository.PositionRepository,"finos.traderx.tradeprocessor.repository.PositionRepository{name=findByAccountIdAndSecurity,return=finos.traderx.tradeprocessor.model.Position,parameters=[java.lang.Integer,java.lang.String]}",6bcee9a394742065479d615835593a04d65d238f2c44ad8c05e71f0076ace64a,,,,,,0,242,0
trade-processor/src/main/java/finos/traderx/tradeprocessor/repository/TradeRepository.java,finos.traderx.tradeprocessor.repository.TradeRepository,"finos.traderx.tradeprocessor.repository.TradeRepository{name=findByAccountId,return=java.util.List<finos.traderx.tradeprocessor.model.Trade>,parameters=[java.lang.Integer]}",e3e015f6a93194f03ca8753d598be920ba8afc884c4f92ab45591804be243496,,,,,,0,242,0
trade-processor/src/main/java/finos/traderx/tradeprocessor/service/TradeService.java,finos.traderx.tradeprocessor.service.TradeService,"finos.traderx.tradeprocessor.service.TradeService{name=processTrade,return=finos.traderx.tradeprocessor.model.TradeBookingResult,parameters=[finos.traderx.tradeprocessor.model.TradeOrder]}",d7ddff183d379c1f3f50eb8ef80cf346c8e3c42e3e9b41fda2183b0673acab65,,,,,,0,781,0
trade-service/src/main/java/finos/traderx/messaging/Publisher.java,finos.traderx.messaging.Publisher,"finos.traderx.messaging.Publisher{name=publish,return=void,parameters=[Generic{T}]}",6fdf7240ae7e5beb130716c7fd8399833b4fd1b46fb8d4936649c773170e7378,,,,,,0,240,0
trade-service/src/main/java/finos/traderx/messaging/Publisher.java,finos.traderx.messaging.Publisher,"finos.traderx.messaging.Publisher{name=publish,return=void,parameters=[java.lang.String,Generic{T}]}",5910b89f528fabead48516e131bfc0ecfdafca01261bcc49640efc568e290744,,,,,,0,243,0
trade-service/src/main/java/finos/traderx/messaging/Publisher.java,finos.traderx.messaging.Publisher,"finos.traderx.messaging.Publisher{name=connect,return=void,parameters=[]}",a0901d18e3eb4f5877ccf80fb77efa1e5c08dfb59026166e132a28d590aa9827,,,,,,0,238,0
trade-service/src/main/java/finos/traderx/messaging/Publisher.java,finos.traderx.messaging.Publisher,"finos.traderx.messaging.Publisher{name=disconnect,return=void,parameters=[]}",5db22e7dc969f618358ebb97c29bdc3ebcee2a8ea7a71e10b7e37a885b20520d,,,,,,0,238,0
trade-service/src/main/java/finos/traderx/messaging/Subscriber.java,finos.traderx.messaging.Subscriber,"finos.traderx.messaging.Subscriber{name=subscribe,return=void,parameters=[java.lang.String]}",8403fc6d5ababe6f27fa99098142483f87e5d62ba4e72c5b254fee57118daa04,,,,,,0,240,0
trade-service/src/main/java/finos/traderx/messaging/Subscriber.java,finos.traderx.messaging.Subscriber,"finos.traderx.messaging.Subscriber{name=unsubscribe,return=void,parameters=[java.lang.String]}",659154eaa2a72f27fed92a728f937c2a4ceb3d7de3ae4b7734a5d494e79cfa47,,,,,,0,240,0
trade-service/src/main/java/finos/traderx/messaging/Subscriber.java,finos.traderx.messaging.Subscriber,"finos.traderx.messaging.Subscriber{name=onMessage,return=void,parameters=[finos.traderx.messaging.Envelope<Generic{?}>,Generic{T}]}",27b818882c1571308962d234559386dd60930a6554d74dd369f9ed99980bae6a,,,,,,0,249,0
trade-service/src/main/java/finos/traderx/messaging/Subscriber.java,finos.traderx.messaging.Subscriber,"finos.traderx.messaging.Subscriber{name=connect,return=void,parameters=[]}",a0901d18e3eb4f5877ccf80fb77efa1e5c08dfb59026166e132a28d590aa9827,,,,,,0,238,0
trade-service/src/main/java/finos/traderx/messaging/Subscriber.java,finos.traderx.messaging.Subscriber,"finos.traderx.messaging.Subscriber{name=disconnect,return=void,parameters=[]}",5db22e7dc969f618358ebb97c29bdc3ebcee2a8ea7a71e10b7e37a885b20520d,,,,,,0,238,0
trade-service/src/main/java/finos/traderx/messaging/socketio/SocketIOJSONPublisher.java,finos.traderx.messaging.socketio.SocketIOJSONPublisher,"finos.traderx.messaging.socketio.SocketIOJSONPublisher{name=publish,return=void,parameters=[Generic{T}]}",6b17ff8875e02ace82c5a6bc7a12812308799f937360ea1ccd6f3c872505d635,,,,,,0,249,0
trade-service/src/main/java/finos/traderx/messaging/socketio/SocketIOJSONPublisher.java,finos.traderx.messaging.socketio.SocketIOJSONPublisher,"finos.traderx.messaging.socketio.SocketIOJSONPublisher{name=publish,return=void,parameters=[java.lang.String,Generic{T}]}",5d4a3bbb33bba96563395b4c0e32ea04d371b4a0122d61d55cfc788f976f67ed,,,,,,0,412,0
trade-service/src/main/java/finos/traderx/messaging/socketio/SocketIOJSONPublisher.java,finos.traderx.messaging.socketio.SocketIOJSONPublisher,"finos.traderx.messaging.socketio.SocketIOJSONPublisher{name=disconnect,return=void,parameters=[]}",05c3c1acd3a8cca25e560345b12e2bf695f0858d58ec297fad6eb38e100037b9,,,,,,0,265,0
trade-service/src/main/java/finos/traderx/messaging/socketio/SocketIOJSONPublisher.java,finos.traderx.messaging.socketio.SocketIOJSONPublisher,"finos.traderx.messaging.socketio.SocketIOJSONPublisher{name=connect,return=void,parameters=[]}",ffd0425b2b98624ddb5810f31c47c7bad8b87fec6453a4fc3c60afacbb46d4a0,,,,,,0,300,0
trade-service/src/main/java/finos/traderx/messaging/socketio/SocketIOJSONPublisher.java,finos.traderx.messaging.socketio.SocketIOJSONPublisher,"finos.traderx.messaging.socketio.SocketIOJSONPublisher{name=internalConnect,return=io.socket.client.Socket,parameters=[java.net.URI]}",39cc61f812a437e81042a5bae110eee0fec3777090a6d4f3798de17dfff111f6,,,,,,0,251,0
trade-service/src/main/java/finos/traderx/messaging/socketio/SocketIOJSONPublisher.java,finos.traderx.messaging.socketio.SocketIOJSONPublisher,"finos.traderx.messaging.socketio.SocketIOJSONPublisher{name=afterPropertiesSet,return=void,parameters=[]}",dcbbe43b41e148061d2e8bfea5094799e9748cc639215bb10d312d21b8fb3b60,,,,,,0,444,0
trade-service/src/main/java/finos/traderx/messaging/socketio/SocketIOJSONSubscriber.java,finos.traderx.messaging.socketio.SocketIOJSONSubscriber,"finos.traderx.messaging.socketio.SocketIOJSONSubscriber{name=onMessage,return=void,parameters=[finos.traderx.messaging.Envelope<Generic{?}>,Generic{T}]}",4b9133b96a7be66504a6bd874a45f86da26592e02c869d0b8d20edca83867dc6,,,,,,0,250,0
trade-service/src/main/java/finos/traderx/messaging/socketio/SocketIOJSONSubscriber.java,finos.traderx.messaging.socketio.SocketIOJSONSubscriber,"finos.traderx.messaging.socketio.SocketIOJSONSubscriber{name=subscribe,return=void,parameters=[java.lang.String]}",7113e43a855007f6fee660eee8be35be62c1f17cf859f7f2c103ab48818a5848,,,,,,0,276,0
trade-service/src/main/java/finos/traderx/messaging/socketio/SocketIOJSONSubscriber.java,finos.traderx.messaging.socketio.SocketIOJSONSubscriber,"finos.traderx.messaging.socketio.SocketIOJSONSubscriber{name=unsubscribe,return=void,parameters=[java.lang.String]}",9deb5d04f190b387c9c3ea978767c4acfb710053255c8daa2e0212861992f500,,,,,,0,258,0
trade-service/src/main/java/finos/traderx/messaging/socketio/SocketIOJSONSubscriber.java,finos.traderx.messaging.socketio.SocketIOJSONSubscriber,"finos.traderx.messaging.socketio.SocketIOJSONSubscriber{name=disconnect,return=void,parameters=[]}",05c3c1acd3a8cca25e560345b12e2bf695f0858d58ec297fad6eb38e100037b9,,,,,,0,265,0
trade-service/src/main/java/finos/traderx/messaging/socketio/SocketIOJSONSubscriber.java,finos.traderx.messaging.socketio.SocketIOJSONSubscriber,"finos.traderx.messaging.socketio.SocketIOJSONSubscriber{name=connect,return=void,parameters=[]}",ffd0425b2b98624ddb5810f31c47c7bad8b87fec6453a4fc3c60afacbb46d4a0,,,,,,0,300,0
trade-service/src/main/java/finos/traderx/messaging/socketio/SocketIOJSONSubscriber.java,finos.traderx.messaging.socketio.SocketIOJSONSubscriber,"finos.traderx.messaging.socketio.SocketIOJSONSubscriber{name=internalConnect,return=io.socket.client.Socket,parameters=[java.net.URI]}",c002a2dce68ef83499620b60bd063313bf030dd701af83088bfc0faec33cedea,,,,,,0,679,0
trade-service/src/main/java/finos/traderx/messaging/socketio/SocketIOJSONSubscriber.java,finos.traderx.messaging.socketio.SocketIOJSONSubscriber,"finos.traderx.messaging.socketio.SocketIOJSONSubscriber{name=afterPropertiesSet,return=void,parameters=[]}",cfcc5b0d49141b03e6060827f731fa979977c90b44e3bfeca8bf070da1882c56,,,,,,0,242,0
trade-service/src/main/java/finos/traderx/tradeservice/OpenApiConfig.java,finos.traderx.tradeservice.OpenApiConfig,"finos.traderx.tradeservice.OpenApiConfig{name=config,return=io.swagger.v3.oas.models.OpenAPI,parameters=[]}",94789444654138276e7ba8a276c6dfe34575c436475183348197cd875f49cb2c,,,,,,0,359,0
trade-service/src/main/java/finos/traderx/tradeservice/PubSubConfig.java,finos.traderx.tradeservice.PubSubConfig,"finos.traderx.tradeservice.PubSubConfig{name=tradePublisher,return=finos.traderx.messaging.Publisher<finos.traderx.tradeservice.model.TradeOrder>,parameters=[]}",fed5b269e1b18d9ccee2f2d7052d1493ca41c80ec7467fe62164029a0a80f59e,,,,,,0,342,0
trade-service/src/main/java/finos/traderx/tradeservice/TradeServiceApplication.java,finos.traderx.tradeservice.TradeServiceApplication,"finos.traderx.tradeservice.TradeServiceApplication{name=main,return=void,parameters=[java.lang.String[]]}",05cb1736d5e77f0caa4a7ec30dc54a1ef4337370de74416a2020514d9826c791,,,,,,0,259,0
trade-service/src/main/java/finos/traderx/tradeservice/controller/DocsController.java,finos.traderx.tradeservice.controller.DocsController,"finos.traderx.tradeservice.controller.DocsController{name=index,return=java.lang.String,parameters=[]}",54c49c322fc5ebb2b689bec49477af356467900f3d772f06eaa8a3835791171d,,,,,,0,242,0
trade-service/src/main/java/finos/traderx/tradeservice/controller/TradeOrderController.java,finos.traderx.tradeservice.controller.TradeOrderController,"finos.traderx.tradeservice.controller.TradeOrderController{name=createTradeOrder,return=org.springframework.http.ResponseEntity<finos.traderx.tradeservice.model.TradeOrder>,parameters=[finos.traderx.tradeservice.model.TradeOrder]}",e32aa8e462e476c8f18521c1a59a7debc58a8f2497866e716f00c60ddb242df5,,,,,,0,514,0
trade-service/src/main/java/finos/traderx/tradeservice/model/TradeResponse.java,finos.traderx.tradeservice.model.TradeResponse,"finos.traderx.tradeservice.model.TradeResponse{name=success,return=finos.traderx.tradeservice.model.TradeResponse,parameters=[java.lang.String]}",4802b2723c524f34a3a1be2f3d8b5a65e24123c9b32b6bc5057c8d2ae4b46b5f,,,,,,0,269,0
trade-service/src/main/java/finos/traderx/tradeservice/model/TradeResponse.java,finos.traderx.tradeservice.model.TradeResponse,"finos.traderx.tradeservice.model.TradeResponse{name=error,return=finos.traderx.tradeservice.model.TradeResponse,parameters=[java.lang.String]}",062b55748b06a7185018da100d0a219bcd60f4d4b85d0fd61271c7acc6158071,,,,,,0,270,0
reference-data/src/stocks/stocks.controller.ts,/var/moderne/2026-02-19-00-32/Open Source/FINOS/finos/traderX/reference-data/src/stocks/stocks.controller.StocksController,"/var/moderne/2026-02-19-00-32/Open Source/FINOS/finos/traderX/reference-data/src/stocks/stocks.controller.StocksController{name=findAll,return=Promise<Array</var/moderne/2026-02-19-00-32/Open Source/FINOS/finos/traderX/reference-data/src/stocks/interfaces/stock.interface.Stock>>,parameters=[]}",ed399119a6b9e565a66bce999619a91d9d170c17c8aa7be1aa963b06acb7619c,,,,,,0,375,0
reference-data/src/stocks/stocks.controller.ts,/var/moderne/2026-02-19-00-32/Open Source/FINOS/finos/traderX/reference-data/src/stocks/stocks.controller.StocksController,"/var/moderne/2026-02-19-00-32/Open Source/FINOS/finos/traderX/reference-data/src/stocks/stocks.controller.StocksController{name=findByTicker,return=Promise</var/moderne/2026-02-19-00-32/Open Source/FINOS/finos/traderX/reference-data/src/stocks/interfaces/stock.interface.Stock>,parameters=[{undefined}]}",5829a677d830d540a4ee1225692979bdf64f09c277058e60c7d68dea86832a94,,,,,,0,438,0
web-front-end/angular/main/app/accounts/button-renderer.component.ts,/var/moderne/2026-02-19-00-32/Open Source/FINOS/finos/traderX/web-front-end/angular/main/app/accounts/button-renderer.component.ButtonCellRendererComponent,"/var/moderne/2026-02-19-00-32/Open Source/FINOS/finos/traderX/web-front-end/angular/main/app/accounts/button-renderer.component.ButtonCellRendererComponent{name=agInit,return=void,parameters=[ag-grid-community.ICellRendererParams<{undefined}, {undefined}, {undefined}> & {undefined}]}",19726db28f5de11a36cdc2a98f6fa37db6a66c51526eb476135cd80291b0fd6d,,,,,,0,277,0
web-front-end/angular/main/app/accounts/user/assign-user.component.spec.ts,/var/moderne/2026-02-19-00-32/Open Source/FINOS/finos/traderX/web-front-end/angular/main/app/accounts/user/assign-user.component.spec.AssignUserToAccountComponent,"/var/moderne/2026-02-19-00-32/Open Source/FINOS/finos/traderX/web-front-end/angular/main/app/accounts/user/assign-user.component.spec.AssignUserToAccountComponent{name=ngOnInit,return=void,parameters=[]}",fdcad932f0148ff14d152f102844c0aa02c0c5e19e13214204dbea949219423a,,,,,,0,434,0
web-front-end/angular/main/app/accounts/user/assign-user.component.ts,/var/moderne/2026-02-19-00-32/Open Source/FINOS/finos/traderX/web-front-end/angular/main/app/accounts/user/assign-user.component.AssignUserToAccountComponent,"/var/moderne/2026-02-19-00-32/Open Source/FINOS/finos/traderX/web-front-end/angular/main/app/accounts/user/assign-user.component.AssignUserToAccountComponent{name=ngOnInit,return=void,parameters=[]}",1507a7534d58446eac11e54277716c2c8edb8bf2f7a02a848096fcbc0cd38141,,,,,,0,429,0
web-front-end/angular/main/app/header/header.component.ts,/var/moderne/2026-02-19-00-32/Open Source/FINOS/finos/traderX/web-front-end/angular/main/app/header/header.component.HeaderComponent,"/var/moderne/2026-02-19-00-32/Open Source/FINOS/finos/traderX/web-front-end/angular/main/app/header/header.component.HeaderComponent{name=ngOnInit,return=void,parameters=[]}",b2d7a77fbd3aa6fccc302ec7fe2346565dcadb913de071fbeffa56c07bc29453,,,,,,0,228,0
web-front-end/angular/main/app/service/symbols.service.ts,/var/moderne/2026-02-19-00-32/Open Source/FINOS/finos/traderX/web-front-end/angular/main/app/service/symbols.service.SymbolService,"/var/moderne/2026-02-19-00-32/Open Source/FINOS/finos/traderX/web-front-end/angular/main/app/service/symbols.service.SymbolService{name=createTicket,return=rxjs.Observable<{undefined}>,parameters=[/var/moderne/2026-02-19-00-32/Open Source/FINOS/finos/traderX/web-front-end/angular/main/app/model/trade.model.TradeTicket]}",2370f8365dab2a8e4f793558bb5fa2892b6c05aa717c0aa4f2f52e629b2d92c0,,,,,,0,353,0
web-front-end/angular/main/app/test-utils/utils.ts,<unknown>,"{undefined}{name=createUser,return=/var/moderne/2026-02-19-00-32/Open Source/FINOS/finos/traderX/web-front-end/angular/main/app/model/user.model.User,parameters=[]}",26f4624a993eea002acd05bb54952433972a10dde071e09a547bdef5be9b0275,,,,,,0,338,0
web-front-end/angular/main/app/test-utils/utils.ts,<unknown>,"{undefined}{name=createAccount,return=/var/moderne/2026-02-19-00-32/Open Source/FINOS/finos/traderX/web-front-end/angular/main/app/model/account.model.Account,parameters=[]}",3933a899d12b8b9ef2fb0234cf40fc75c167584dfedc30c92489e1ffdeb2ed2b,,,,,,0,293,0
web-front-end/angular/main/app/test-utils/utils.ts,<unknown>,"{undefined}{name=createStock,return=/var/moderne/2026-02-19-00-32/Open Source/FINOS/finos/traderX/web-front-end/angular/main/app/model/symbol.model.Stock,parameters=[]}",52ecdf5775e99894b191fc232709737c9213106f1340c21bcba7e535f29be83a,,,,,,0,297,0
web-front-end/angular/main/app/test-utils/utils.ts,<unknown>,"{undefined}{name=createTrade,return=/var/moderne/2026-02-19-00-32/Open Source/FINOS/finos/traderX/web-front-end/angular/main/app/model/trade.model.Trade,parameters=[]}",80d37f7aef212af9e82dc6b42c8c54e96acecb6e3916570272c58cc184819d9b,,,,,,0,397,0
web-front-end/angular/main/app/test-utils/utils.ts,<unknown>,"{undefined}{name=createPosition,return=/var/moderne/2026-02-19-00-32/Open Source/FINOS/finos/traderX/web-front-end/angular/main/app/model/trade.model.Position,parameters=[]}",1293d9f4f64abab2c003f75bfdfaf4c11929d817ec27096469cbd7b358e8467c,,,,,,0,321,0
web-front-end/angular/main/app/trade/trade-ticket/trade-ticket.component.ts,/var/moderne/2026-02-19-00-32/Open Source/FINOS/finos/traderX/web-front-end/angular/main/app/trade/trade-ticket/trade-ticket.component.TradeTicketComponent,"/var/moderne/2026-02-19-00-32/Open Source/FINOS/finos/traderX/web-front-end/angular/main/app/trade/trade-ticket/trade-ticket.component.TradeTicketComponent{name=onSelect,return=void,parameters=[ngx-bootstrap.TypeaheadMatch<{undefined}>]}",bd503b569cce5d2a18f0470e1b3bacae8a3ceb070388730145a2a69e5075abba,,,,,,0,313,0
web-front-end/angular/main/app/trade/trade-ticket/trade-ticket.component.ts,/var/moderne/2026-02-19-00-32/Open Source/FINOS/finos/traderX/web-front-end/angular/main/app/trade/trade-ticket/trade-ticket.component.TradeTicketComponent,"/var/moderne/2026-02-19-00-32/Open Source/FINOS/finos/traderX/web-front-end/angular/main/app/trade/trade-ticket/trade-ticket.component.TradeTicketComponent{name=onBlur,return=void,parameters=[]}",60af11ec5df93fb5fbb30e9092f4b82bb647cf9c7bda27607a69521222bf3313,,,,,,0,285,0
web-front-end/angular/main/app/trade/trade.component.ts,/var/moderne/2026-02-19-00-32/Open Source/FINOS/finos/traderX/web-front-end/angular/main/app/trade/trade.component.TradeComponent,"/var/moderne/2026-02-19-00-32/Open Source/FINOS/finos/traderX/web-front-end/angular/main/app/trade/trade.component.TradeComponent{name=ngOnInit,return=void,parameters=[]}",edde5760f5123e668830575e62b54c59bcda3ffdd237127c2791306abe10fbc7,,,,,,0,408,0
web-front-end/angular/main/test.ts,<unknown>,"{undefined}{name=context,return=𝑓,parameters=[String,boolean,RegExp]}",eb51800fb8f921aae2b5613ccbf432fbcdc9ae1885c0cea408af3cbf74ac6afd,,,,,,0,258,0
website/src/components/HomepageFeatures.tsx,<unknown>,"{undefined}{name=HomepageFeatures,return=global.JSX.Element,parameters=[]}",0b80edc9ca6b698822623ce9eacde047070b61f8504e434c5a64d9df009d6a83,,,,,,0,310,0
